County/ Sub-County,Total*,Pre-Primary,Primary,Secondary,Technical and Vocational Training (TVET),University,Adult Basic Education,Madrasa/ Duksi,None,Don't Know,Not Stated
KENYA,"36,212,477","1,921,980","18,028,318","8,881,449","2,557,553","1,252,716","16,802",652,"3,378,876","115,094","59,037"
Rural,"24,039,655","1,473,757","13,457,699","5,048,675","1,104,449","404,498","13,841",236,"2,432,169","68,402","35,929"
Urban,"12,172,822","448,223","4,570,619","3,832,774","1,453,104","848,218","2,961",416,"946,707","46,692","23,108"
Male,"18,127,920","966,824","8,826,421","4,526,657","1,248,894","733,175","8,812",349,"1,722,260","62,115","32,413"
Female,"18,083,556","955,104","9,201,398","4,354,544","1,308,604","519,498","7,988",302,"1,656,528","52,973","26,617"
Intersex,"1,001",52,499,248,55,43,2,1,88,6,7
MOMBASA,"990,259","55,316","415,805","281,897","101,951","39,864",419,78,"88,138","5,034","1,757"
Male,"507,180","27,062","204,322","153,058","51,168","23,574",203,36,"44,263","2,546",948
Female,"483,066","28,254","211,476","128,837","50,782","16,287",216,42,"43,875","2,488",809
CHANGAMWE,"113,346","3,983","46,496","36,952","13,007","3,434",21,3,"8,913",367,170
Male,"59,561","2,038","23,169","20,311","7,084","2,158",12,2,"4,474",211,102
Female,"53,785","1,945","23,327","16,641","5,923","1,276",9,1,"4,439",156,68
JOMVU,"135,585","8,507","59,788","38,086","12,322","3,483",48,3,"12,923",300,125
Male,"70,085","4,168","29,621","20,714","6,540","2,240",30,1,"6,515",184,72
Female,"65,497","4,339","30,165","17,372","5,781","1,243",18,2,"6,408",116,53
KISAUNI,"236,303","13,434","103,042","61,686","25,238","8,489",90,12,"22,877",941,494
Male,"120,288","6,613","50,944","32,834","12,401","5,102",41,5,"11,591",491,266
Female,"116,013","6,821","52,097","28,852","12,837","3,386",49,7,"11,286",450,228
LIKONI,"203,522","13,600","90,935","58,372","15,612","3,843",137,20,"20,164",547,292
Male,"105,103","6,503","44,530","32,698","8,323","2,498",66,10,"10,041",293,141
Female,"98,417","7,097","46,404","25,673","7,289","1,345",71,10,"10,123",254,151
MVITA,"119,741","4,434","44,619","35,004","14,936","9,442",66,32,"8,712","2,162",334
Male,"59,338","2,107","20,928","18,646","6,850","5,258",30,13,"4,320","1,001",185
Female,"60,402","2,327","23,690","16,358","8,086","4,184",36,19,"4,392","1,161",149
NYALI,"181,762","11,358","70,925","51,797","20,836","11,173",57,8,"14,549",717,342
Male,"92,805","5,633","35,130","27,855","9,970","6,318",24,5,"7,322",366,182
Female,"88,952","5,725","35,793","23,941","10,866","4,853",33,3,"7,227",351,160
KWALE,"585,770","42,445","342,513","84,543","22,142","6,463",332,39,"84,380","1,871","1,042"
Male,"304,149","22,028","173,915","47,246","11,630","4,174",172,26,"43,305","1,045",608
Female,"281,610","20,414","168,593","37,297","10,511","2,289",160,13,"41,073",826,434
KINANGO,"58,568","4,621","36,161","5,334","1,449",360,44,,"10,417",140,42
Male,"30,470","2,459","18,420","3,006",858,257,19,,"5,352",75,24
Female,"28,097","2,161","17,741","2,328",591,103,25,,"5,065",65,18
LUNGA LUNGA,"122,221","11,355","74,624","12,253","2,569",632,126,4,"19,706",442,510
Male,"63,937","5,866","38,249","7,116","1,518",468,74,3,"10,085",247,311
Female,"58,283","5,488","36,375","5,137","1,051",164,52,1,"9,621",195,199
MATUGA,"139,714","8,479","82,285","22,533","5,625","1,868",70,5,"18,317",418,114
Male,"72,298","4,480","41,392","12,500","2,878","1,197",34,3,"9,511",237,66
Female,"67,414","3,999","40,891","10,033","2,747",671,36,2,"8,806",181,48
MSAMBWENI,"136,026","7,335","71,110","30,232","9,154","2,826",38,26,"14,463",603,239
Male,"70,023","3,747","35,762","16,555","4,455","1,692",18,17,"7,302",338,137
Female,"66,000","3,587","35,347","13,677","4,698","1,134",20,9,"7,161",265,102
SAMBURU,"129,241","10,655","78,333","14,191","3,345",777,54,4,"21,477",268,137
Male,"67,421","5,476","40,092","8,069","1,921",560,27,3,"11,055",148,70
Female,"61,816","5,179","38,239","6,122","1,424",217,27,1,"10,420",120,67
KILIFI,"1,063,750","83,453","599,327","177,711","46,722","15,770",781,13,"135,660","3,071","1,242"
Male,"549,374","42,321","301,787","99,563","24,015","9,782",405,7,"69,143","1,673",678
Female,"514,362","41,132","297,531","78,148","22,706","5,988",376,6,"66,515","1,397",563
CHONYI,"44,897","3,933","26,684","6,500","1,196",299,44,,"6,157",61,23
Male,"23,263","1,972","13,335","3,768",717,212,27,,"3,181",36,15
Female,"21,633","1,961","13,348","2,732",479,87,17,,"2,976",25,8
GANZE,"95,274","9,143","58,252","9,644","2,138",565,153,1,"15,147",141,90
Male,"48,889","4,749","29,379","5,286","1,208",407,78,1,"7,671",69,41
Female,"46,383","4,394","28,871","4,358",930,158,75,,"7,476",72,49
KALOLENI,"134,645","11,325","78,082","19,556","5,554","1,511",113,1,"17,996",317,190
Male,"69,960","5,912","39,605","10,914","2,978",965,56,1,"9,256",179,94
Female,"64,681","5,413","38,476","8,642","2,576",546,57,,"8,738",138,95
KAUMA,"16,076","1,615","9,683","2,098",291,78,15,,"2,224",54,18
Male,"8,528",817,"5,000","1,301",170,56,9,,"1,127",36,12
Female,"7,548",798,"4,683",797,121,22,6,,"1,097",18,6
KILIFI NORTH,"138,095","8,070","74,515","25,235","8,260","4,012",25,,"17,400",480,98
Male,"70,668","4,153","36,942","13,840","4,114","2,411",18,,"8,880",259,51
Female,"67,425","3,917","37,572","11,395","4,146","1,601",7,,"8,520",220,47
KILIFI SOUTH,"158,925","10,757","80,815","35,112","9,754","3,416",83,3,"18,312",452,221
Male,"81,501","5,373","40,180","19,282","4,831","2,031",35,2,"9,409",231,127
Female,"77,423","5,384","40,635","15,830","4,922","1,385",48,1,"8,903",221,94
MAGARINI,"134,107","13,879","82,026","15,867","2,984",707,175,1,"18,078",294,96
Male,"70,300","6,987","42,083","9,531","1,744",509,98,1,"9,126",167,54
Female,"63,807","6,892","39,943","6,336","1,240",198,77,,"8,952",127,42
MALINDI,"252,086","17,738","137,812","47,716","12,355","4,320",143,4,"30,612",973,413
Male,"129,812","8,809","69,535","26,621","5,926","2,632",68,1,"15,472",521,227
Female,"122,270","8,929","68,273","21,095","6,429","1,688",75,3,"15,140",452,186
RABAI,"89,645","6,993","51,458","15,983","4,190",862,30,3,"9,734",299,93
Male,"46,453","3,549","25,728","9,020","2,327",559,16,1,"5,021",175,57
Female,"43,192","3,444","25,730","6,963","1,863",303,14,2,"4,713",124,36
TANA RIVER,"158,000","13,849","84,250","25,033","5,354","1,432",163,13,"26,420","1,191",295
Male,"84,380","7,134","42,419","15,692","3,265","1,043",92,10,"13,896",673,156
Female,"73,620","6,715","41,831","9,341","2,089",389,71,3,"12,524",518,139
TANA DELTA,"60,630","5,722","32,017","9,267","1,933",429,31,6,"10,667",449,109
Male,"32,005","2,866","15,998","5,744","1,206",319,18,4,"5,560",236,54
Female,"28,625","2,856","16,019","3,523",727,110,13,2,"5,107",213,55
TANA NORTH,"46,803","4,521","24,636","8,035","1,423",416,88,1,"7,182",422,79
Male,"26,331","2,468","13,248","5,234",857,304,48,1,"3,866",256,49
Female,"20,472","2,053","11,388","2,801",566,112,40,,"3,316",166,30
TANA RIVER,"50,567","3,606","27,597","7,731","1,998",587,44,6,"8,571",320,107
Male,"26,044","1,800","13,173","4,714","1,202",420,26,5,"4,470",181,53
Female,"24,523","1,806","14,424","3,017",796,167,18,1,"4,101",139,54
LAMU,"103,880","6,942","58,049","20,178","4,543","1,638",32,10,"11,218","1,142",128
Male,"56,751","3,485","29,941","12,947","2,766","1,151",21,6,"5,768",594,72
Female,"47,126","3,457","28,105","7,231","1,777",487,11,4,"5,450",548,56
LAMU EAST,"15,810","1,394","9,202","2,444",501,109,4,4,"1,830",306,16
Male,"8,629",715,"4,680","1,721",337,86,3,2,914,163,8
Female,"7,181",679,"4,522",723,164,23,1,2,916,143,8
LAMU WEST,"88,070","5,548","48,847","17,734","4,042","1,529",28,6,"9,388",836,112
Male,"48,122","2,770","25,261","11,226","2,429","1,065",18,4,"4,854",431,64
Female,"39,945","2,778","23,583","6,508","1,613",464,10,2,"4,534",405,48
TAITA/TAVETA,"283,179","14,129","155,653","65,470","20,051","5,341",49,3,"21,163","1,111",209
Male,"146,247","7,132","78,795","34,849","10,633","3,381",26,1,"10,732",591,107
Female,"136,927","6,997","76,855","30,620","9,418","1,960",23,2,"10,430",520,102
MWATATE,"69,170","3,180","39,371","15,729","4,482","1,069",9,3,"5,075",216,36
Male,"35,947","1,634","19,960","8,525","2,475",649,6,1,"2,565",114,18
Female,"33,222","1,546","19,411","7,204","2,007",420,3,2,"2,509",102,18
TAITA,"48,089","1,781","26,088","12,173","3,463",848,7,,"3,435",254,40
Male,"24,894",899,"13,289","6,456","1,858",541,4,,"1,702",125,20
Female,"23,195",882,"12,799","5,717","1,605",307,3,,"1,733",129,20
TAVETA,"73,195","4,248","43,599","14,343","3,708","1,164",15,,"5,839",225,54
Male,"38,171","2,159","22,427","7,769","1,925",766,5,,"2,969",126,25
Female,"35,024","2,089","21,172","6,574","1,783",398,10,,"2,870",99,29
VOI,"92,725","4,920","46,595","23,225","8,398","2,260",18,,"6,814",416,79
Male,"47,235","2,440","23,119","12,099","4,375","1,425",11,,"3,496",226,44
Female,"45,486","2,480","23,473","11,125","4,023",835,7,,"3,318",190,35
GARISSA,"165,797","8,850","80,185","35,556","6,915","3,292",633,108,"21,560","6,248","2,450"
Male,"98,291","4,811","46,077","23,623","4,517","2,487",373,57,"11,370","3,484","1,492"
Female,"67,501","4,039","34,106","11,931","2,398",804,260,51,"10,190","2,764",958
BALAMBALA,"3,535",135,"1,710","1,243",74,18,27,1,322,5,
Male,"2,391",74,"1,066",988,50,13,20,,177,3,
Female,"1,144",61,644,255,24,5,7,1,145,2,
DADAAB,"25,675","1,327","13,959","5,233",769,343,131,20,"2,540",749,604
Male,"15,538",754,"8,031","3,665",570,265,75,9,"1,364",441,364
Female,"10,137",573,"5,928","1,568",199,78,56,11,"1,176",308,240
FAFI,"18,945","1,117","9,964","4,033",360,91,89,5,"1,845","1,313",128
Male,"11,187",588,"5,632","2,795",277,71,53,3,969,718,81
Female,"7,756",529,"4,331","1,237",83,20,36,2,876,595,47
GARISSA,"56,947","2,708","25,357","13,839","3,922","2,216",79,39,"6,195","1,842",750
Male,"32,463","1,425","13,966","8,504","2,336","1,635",45,22,"3,162",951,417
Female,"24,481","1,283","11,390","5,334","1,586",580,34,17,"3,033",891,333
HULUGHO,"22,386","1,155","11,051","3,554",377,122,100,16,"5,023",743,245
Male,"13,803",662,"6,876","2,437",277,101,59,9,"2,763",457,162
Female,"8,583",493,"4,175","1,117",100,21,41,7,"2,260",286,83
IJARA,"33,072","2,057","15,237","6,782","1,303",455,171,26,"4,906","1,463",672
Male,"20,104","1,155","9,008","4,651",926,367,101,13,"2,598",847,438
Female,"12,968",902,"6,229","2,131",377,88,70,13,"2,308",616,234
LAGDERA,"5,237",351,"2,907",872,110,47,36,1,729,133,51
Male,"2,805",153,"1,498",583,81,35,20,1,337,67,30
Female,"2,432",198,"1,409",289,29,12,16,,392,66,21
WAJIR,"151,956","9,832","81,117","28,081","5,567","2,128",403,39,"21,137","3,013",639
Male,"88,325","5,237","45,553","18,278","3,911","1,686",234,23,"11,228","1,745",430
Female,"63,627","4,595","35,562","9,803","1,656",441,169,16,"9,908","1,268",209
BUNA,"6,738",727,"3,241","1,227",194,67,31,1,808,398,44
Male,"3,843",375,"1,806",805,128,58,17,1,435,199,19
Female,"2,895",352,"1,435",422,66,9,14,,373,199,25
ELDAS,"15,538",963,"8,956","2,304",379,88,64,6,"2,466",221,91
Male,"8,477",458,"4,737","1,519",266,65,39,2,"1,213",116,62
Female,"7,061",505,"4,219",785,113,23,25,4,"1,253",105,29
HABASWEIN,"39,532","2,111","19,814","7,254","1,418",438,80,13,"6,966","1,310",128
Male,"23,862","1,162","11,710","4,730","1,015",360,42,8,"3,941",803,91
Female,"15,670",949,"8,104","2,524",403,78,38,5,"3,025",507,37
TARBAJ,"7,220",448,"4,376","1,284",162,52,17,1,827,48,5
Male,"3,749",213,"2,162",789,128,38,8,,389,20,2
Female,"3,470",235,"2,213",495,34,14,9,1,438,28,3
WAJIR EAST,"33,348","1,686","16,970","7,974","1,994",997,57,12,"2,870",555,233
Male,"19,381",921,"9,277","5,030","1,357",792,35,8,"1,485",318,158
Female,"13,966",765,"7,693","2,944",637,204,22,4,"1,385",237,75
WAJIR NORTH,"10,871",831,"5,946","1,709",384,157,27,,"1,682",121,14
Male,"6,104",428,"3,212","1,134",277,134,20,,819,69,11
Female,"4,767",403,"2,734",575,107,23,7,,863,52,3
WAJIR SOUTH,"17,774","1,240","10,338","2,910",452,106,74,4,"2,552",41,57
Male,"10,950",719,"6,268","2,013",327,87,45,3,"1,425",26,37
Female,"6,823",521,"4,070",897,125,19,29,1,"1,126",15,20
WAJIR WEST,"20,935","1,826","11,476","3,419",584,223,53,2,"2,966",319,67
Male,"11,959",961,"6,381","2,258",413,152,28,1,"1,521",194,50
Female,"8,975",865,"5,094","1,161",171,71,25,1,"1,445",125,17
MANDERA,"197,490","14,953","106,776","35,659","5,592","2,183",536,64,"26,231","4,298","1,198"
Male,"109,059","7,518","57,003","22,983","3,948","1,765",280,34,"12,669","2,193",666
Female,"88,428","7,435","49,771","12,675","1,644",418,256,30,"13,562","2,105",532
MANDERA WEST,"24,818","1,905","13,844","3,387",481,175,55,6,"4,653",244,68
Male,"13,284",968,"7,258","2,170",352,152,28,4,"2,200",119,33
Female,"11,534",937,"6,586","1,217",129,23,27,2,"2,453",125,35
BANISA,"22,704","2,524","11,774","3,007",604,116,142,3,"4,136",273,125
Male,"13,086","1,330","6,734","2,042",439,96,69,2,"2,132",168,74
Female,"9,617","1,194","5,039",965,165,20,73,1,"2,004",105,51
KOTULO,"18,807","1,356","10,283","3,284",567,170,29,8,"2,577",463,70
Male,"10,129",646,"5,347","2,122",413,137,15,3,"1,189",220,37
Female,"8,677",710,"4,935","1,162",154,33,14,5,"1,388",243,33
LAFEY,"13,505",963,"6,781","2,819",264,88,94,18,"1,768",556,154
Male,"6,945",463,"3,288","1,679",181,62,58,10,816,307,81
Female,"6,560",500,"3,493","1,140",83,26,36,8,952,249,73
MANDERA CENTRAL,"40,307","3,147","21,812","6,711","1,067",283,80,14,"5,223","1,530",440
Male,"20,137","1,394","10,487","4,063",741,228,39,8,"2,239",707,231
Female,"20,169","1,753","11,325","2,647",326,55,41,6,"2,984",823,209
MANDERA EAST,"48,557","3,180","25,040","11,445","1,943","1,123",75,8,"4,534",972,237
Male,"28,744","1,696","14,063","7,672","1,322",896,45,4,"2,387",511,148
Female,"19,813","1,484","10,977","3,773",621,227,30,4,"2,147",461,89
MANDERA NORTH,"28,792","1,878","17,242","5,006",666,228,61,7,"3,340",260,104
Male,"16,734","1,021","9,826","3,235",500,194,26,3,"1,706",161,62
Female,"12,058",857,"7,416","1,771",166,34,35,4,"1,634",99,42
MARSABIT,"146,569","11,626","76,626","26,097","6,340","3,746",153,9,"20,702",860,410
Male,"78,922","5,840","39,419","16,022","3,746","2,744",93,4,"10,336",490,228
Female,"67,643","5,785","37,205","10,074","2,594","1,002",60,5,"10,366",370,182
LOIYANGALANI,"8,271",785,"4,396","1,207",328,141,13,,"1,374",15,12
Male,"4,155",349,"2,047",777,220,118,5,,623,13,3
Female,"4,115",435,"2,349",430,108,23,8,,751,2,9
MARSABIT CENTRAL,"43,011","3,226","21,631","8,704","2,472","1,798",26,5,"4,922",171,56
Male,"22,802","1,650","11,006","4,967","1,286","1,254",14,3,"2,488",103,31
Female,"20,207","1,576","10,624","3,736","1,186",544,12,2,"2,434",68,25
MARSABIT NORTH,"12,276","1,450","6,346","1,813",499,240,22,,"1,853",25,28
Male,"6,375",720,"3,091","1,096",306,198,12,,913,16,23
Female,"5,901",730,"3,255",717,193,42,10,,940,9,5
MARSABIT SOUTH,"14,999","1,033","7,758","2,646",688,357,18,,"2,423",47,29
Male,"7,702",500,"3,605","1,708",459,285,8,,"1,098",21,18
Female,"7,297",533,"4,153",938,229,72,10,,"1,325",26,11
MOYALE,"43,034","3,167","23,378","7,477","1,340",837,27,4,"6,208",542,54
Male,"24,024","1,620","12,705","4,726",799,597,17,1,"3,228",294,37
Female,"19,010","1,547","10,673","2,751",541,240,10,3,"2,980",248,17
NORTH HORR,"8,597",708,"4,092","1,608",485,161,18,,"1,296",33,196
Male,"4,886",357,"2,238","1,054",321,121,15,,658,24,98
Female,"3,710",351,"1,853",554,164,40,3,,638,9,98
SOLOLO,"16,381","1,257","9,025","2,642",528,212,29,,"2,626",27,35
Male,"8,978",644,"4,727","1,694",355,171,22,,"1,328",19,18
Female,"7,403",613,"4,298",948,173,41,7,,"1,298",8,17
ISIOLO,"129,220","6,956","64,634","28,532","7,110","3,378",79,11,"17,659",721,140
Male,"68,403","3,509","32,520","16,689","3,746","2,313",45,5,"9,030",461,85
Female,"60,816","3,447","32,114","11,843","3,364","1,065",34,6,"8,628",260,55
GARBATULLA,"34,291","2,345","19,014","6,124",786,336,42,3,"5,261",341,39
Male,"18,837","1,197","10,015","3,893",507,261,24,1,"2,701",214,24
Female,"15,454","1,148","8,999","2,231",279,75,18,2,"2,560",127,15
ISIOLO,"77,157","3,555","35,917","19,451","5,737","2,869",33,7,"9,228",284,76
Male,"40,237","1,807","17,768","10,951","2,840","1,908",19,3,"4,726",171,44
Female,"36,920","1,748","18,149","8,500","2,897",961,14,4,"4,502",113,32
MERTI,"17,772","1,056","9,703","2,957",587,173,4,1,"3,170",96,25
Male,"9,329",505,"4,737","1,845",399,144,2,1,"1,603",76,17
Female,"8,442",551,"4,966","1,112",188,29,2,,"1,566",20,8
MERU,"1,216,440","71,556","692,007","249,032","69,276","27,083",590,4,"100,888","3,914","2,090"
Male,"610,726","37,142","348,390","121,371","32,703","15,737",312,2,"51,756","2,124","1,189"
Female,"605,685","34,413","343,598","127,656","36,573","11,345",277,2,"49,131","1,789",901
BUURI EAST,"64,905","2,983","36,269","15,698","4,393","1,346",19,2,"3,876",225,94
Male,"32,790","1,557","18,653","7,521","2,119",761,7,,"2,009",110,53
Female,"32,115","1,426","17,616","8,177","2,274",585,12,2,"1,867",115,41
BUURI WEST,"68,643","3,032","37,450","18,627","3,664","1,228",21,1,"4,410",157,53
Male,"34,638","1,582","19,099","9,136","1,778",694,12,1,"2,229",69,38
Female,"34,003","1,450","18,349","9,491","1,886",534,9,,"2,181",88,15
IGEMBE CENTRAL,"159,847","12,820","98,742","22,996","4,980","1,806",114,,"17,676",432,281
Male,"80,629","6,682","49,833","11,276","2,267","1,072",62,,"9,036",234,167
Female,"79,215","6,138","48,907","11,720","2,713",733,52,,"8,640",198,114
IGEMBE NORTH,"113,067","8,870","68,825","16,826","3,994","1,394",113,,"12,309",512,224
Male,"56,380","4,611","34,172","8,111","1,796",884,60,,"6,366",259,121
Female,"56,684","4,259","34,652","8,714","2,198",510,53,,"5,943",252,103
IGEMBE SOUTH,"120,462","8,352","71,398","19,683","5,437","2,100",122,,"12,584",300,486
Male,"59,789","4,392","35,274","9,391","2,446","1,280",70,,"6,495",168,273
Female,"60,668","3,960","36,119","10,292","2,991",820,52,,"6,089",132,213
IMENTI NORTH,"151,474","5,082","70,732","41,880","15,816","7,275",20,1,"10,002",501,165
Male,"75,696","2,601","36,043","20,320","7,194","4,083",6,1,"5,069",284,95
Female,"75,774","2,481","34,687","21,559","8,622","3,192",14,,"4,932",217,70
IMENTI SOUTH,"176,990","9,301","90,648","46,252","13,131","5,213",32,,"11,732",519,162
Male,"89,508","4,845","46,488","22,573","6,281","2,886",16,,"6,069",258,92
Female,"87,477","4,456","44,156","23,679","6,850","2,327",15,,"5,663",261,70
MERU CENTRAL,"113,818","4,560","63,944","26,563","7,786","2,418",52,,"7,896",429,170
Male,"58,082","2,433","33,156","12,926","3,825","1,367",28,,"4,014",238,95
Female,"55,733","2,127","30,787","13,635","3,961","1,051",24,,"3,882",191,75
TIGANIA CENTRAL,"81,247","6,727","51,061","11,861","2,900","1,287",49,,"7,015",256,91
Male,"40,888","3,405","25,529","5,910","1,430",815,29,,"3,567",149,54
Female,"40,359","3,322","25,532","5,951","1,470",472,20,,"3,448",107,37
TIGANIA EAST,"52,912","2,882","32,595","8,916","2,298","1,102",16,,"4,791",161,151
Male,"26,146","1,475","15,789","4,437","1,123",702,8,,"2,440",93,79
Female,"26,764","1,406","16,805","4,479","1,175",400,8,,"2,351",68,72
TIGANIA WEST,"112,439","6,936","70,020","19,527","4,806","1,903",32,,"8,583",419,213
Male,"55,657","3,550","34,082","9,603","2,387","1,186",14,,"4,454",259,122
Female,"56,780","3,386","35,937","9,923","2,419",717,18,,"4,129",160,91
MERU NATIONAL PARK,279,3,60,143,55,6,,,12,,
Male,210,2,39,116,42,4,,,7,,
Female,69,1,21,27,13,2,,,5,,
MT. KENYA FOREST,357,8,263,60,16,5,,,2,3,
Male,313,7,233,51,15,3,,,1,3,
Female,44,1,30,9,1,2,,,1,,
THARAKA-NITHI,"324,735","17,844","177,102","73,308","21,353","9,390",189,,"23,604","1,451",494
Male,"162,637","9,107","88,717","36,060","10,032","5,477",101,,"12,105",752,286
Female,"162,093","8,737","88,382","37,246","11,321","3,913",88,,"11,499",699,208
IGAMBANG'OMBE,"43,160","2,591","26,478","7,407","1,955",650,17,,"3,615",329,118
Male,"21,790","1,291","13,385","3,647",933,413,9,,"1,882",167,63
Female,"21,369","1,300","13,092","3,760","1,022",237,8,,"1,733",162,55
MAARA,"100,251","4,167","52,976","26,528","7,482","2,837",15,,"5,775",361,110
Male,"50,814","2,092","27,244","13,082","3,523","1,583",9,,"3,015",192,74
Female,"49,437","2,075","25,732","13,446","3,959","1,254",6,,"2,760",169,36
MERU SOUTH,"78,987","3,487","37,620","21,957","6,824","3,917",15,,"4,671",386,110
Male,"39,388","1,820","19,047","10,561","3,133","2,225",9,,"2,329",207,57
Female,"39,597","1,667","18,573","11,394","3,691","1,692",6,,"2,342",179,53
THARAKA NORTH,"42,198","3,734","24,901","6,853","1,721",642,109,,"3,936",197,105
Male,"21,044","1,918","12,184","3,528",839,404,59,,"1,942",109,61
Female,"21,153","1,816","12,716","3,325",882,238,50,,"1,994",88,44
THARAKA SOUTH,"59,985","3,864","35,103","10,456","3,359","1,341",33,,"5,600",178,51
Male,"29,530","1,986","16,843","5,199","1,595",851,15,,"2,933",77,31
Female,"30,454","1,878","18,259","5,257","1,764",490,18,,"2,667",101,20
MT. KENYA FOREST,154,1,24,107,12,3,,,7,,
Male,71,,14,43,9,1,,,4,,
Female,83,1,10,64,3,2,,,3,,
EMBU,"517,269","27,621","273,675","131,788","36,627","13,859",167,2,"31,690","1,496",344
Male,"262,672","14,254","140,996","65,267","17,115","7,882",87,1,"16,086",793,191
Female,"254,578","13,367","132,672","66,513","19,512","5,976",80,1,"15,601",703,153
EMBU EAST,"111,127","5,467","59,064","30,222","7,622","2,414",32,,"5,945",292,69
Male,"56,420","2,848","30,379","14,932","3,596","1,366",15,,"3,093",149,42
Female,"54,705","2,619","28,684","15,290","4,026","1,048",17,,"2,851",143,27
EMBU NORTH,"68,261","4,476","33,305","19,981","4,981","1,550",22,2,"3,789",134,21
Male,"34,819","2,383","17,220","9,871","2,429",875,13,1,"1,947",69,11
Female,"33,441","2,093","16,085","10,109","2,552",675,9,1,"1,842",65,10
EMBU WEST,"109,340","4,602","47,120","32,365","12,601","5,862",17,,"6,267",426,80
Male,"54,284","2,370","24,276","15,512","5,482","3,229",8,,"3,138",226,43
Female,"55,047","2,232","22,841","16,848","7,119","2,632",9,,"3,129",200,37
MBEERE SOUTH,"138,377","8,008","80,333","31,044","6,810","2,352",72,,"9,197",436,125
Male,"71,777","4,161","41,872","15,926","3,430","1,402",35,,"4,638",241,72
Female,"66,595","3,847","38,458","15,117","3,380",950,37,,"4,558",195,53
MBEERE NORTH,"90,143","5,068","53,851","18,164","4,607","1,680",24,,"6,492",208,49
Male,"45,354","2,492","27,247","9,016","2,173","1,009",16,,"3,270",108,23
Female,"44,787","2,576","26,604","9,147","2,434",671,8,,"3,221",100,26
MT. KENYA FOREST,21,,2,12,6,1,,,,,
Male,18,,2,10,5,1,,,,,
Female,3,,,2,1,,,,,,
KITUI,"908,143","58,274","543,941","157,798","46,724","16,347",489,1,"77,767","4,804","1,998"
Male,"450,111","29,902","264,695","79,384","22,893","9,622",273,,"39,890","2,403","1,049"
Female,"458,011","28,369","279,234","78,410","23,831","6,725",216,1,"37,875","2,401",949
IKUTHA,"66,934","4,788","42,441","9,522","2,534",629,56,,"6,273",477,214
Male,"33,266","2,470","20,637","4,774","1,308",409,28,,"3,287",241,112
Female,"33,668","2,318","21,804","4,748","1,226",220,28,,"2,986",236,102
KATULANI,"38,698","1,826","22,085","8,742","2,382",778,11,,"2,610",204,60
Male,"19,602",967,"10,844","4,583","1,220",459,4,,"1,369",121,35
Female,"19,095",859,"11,241","4,159","1,162",319,7,,"1,240",83,25
KISASI,"37,580","2,582","23,265","6,312","1,496",516,15,,"3,189",118,87
Male,"19,003","1,369","11,536","3,252",776,328,7,,"1,621",70,44
Female,"18,577","1,213","11,729","3,060",720,188,8,,"1,568",48,43
KITUI CENTRAL,"88,883","4,061","45,193","21,648","7,387","3,370",23,,"6,703",373,125
Male,"44,153","2,139","22,082","10,895","3,467","1,834",15,,"3,450",199,72
Female,"44,728","1,922","23,110","10,752","3,920","1,536",8,,"3,253",174,53
KITUI WEST,"59,783","2,642","34,391","12,378","3,870","1,365",6,,"4,653",426,52
Male,"29,252","1,394","16,701","5,990","1,807",785,2,,"2,346",199,28
Female,"30,530","1,248","17,689","6,388","2,063",580,4,,"2,307",227,24
KYUSO,"58,859","4,778","37,321","7,552","2,373",740,39,,"5,401",392,263
Male,"28,937","2,422","18,000","3,836","1,129",467,21,,"2,758",178,126
Female,"29,921","2,356","19,321","3,715","1,244",273,18,,"2,643",214,137
LOWER YATTA,"51,367","4,103","30,231","9,763","2,182",962,24,1,"3,738",241,122
Male,"26,288","2,177","15,210","5,027","1,160",569,13,,"1,940",127,65
Female,"25,079","1,926","15,021","4,736","1,022",393,11,1,"1,798",114,57
MATINYANI,"40,061","1,944","22,781","8,373","2,653",781,15,,"3,328",149,37
Male,"20,200",996,"11,370","4,221","1,363",421,8,,"1,721",75,25
Female,"19,860",948,"11,410","4,152","1,290",360,7,,"1,607",74,12
MIGWANI,"65,677","2,690","38,115","13,220","4,326","1,433",17,,"5,235",461,180
Male,"31,764","1,394","18,211","6,348","2,021",839,10,,"2,631",202,108
Female,"33,910","1,296","19,902","6,871","2,305",594,7,,"2,604",259,72
MUMONI,"23,414","2,988","13,587","3,208",858,326,35,,"2,274",92,46
Male,"11,198","1,469","6,260","1,621",440,192,24,,"1,127",39,26
Female,"12,216","1,519","7,327","1,587",418,134,11,,"1,147",53,20
MUTITU,"41,209","2,897","27,184","5,162","1,257",408,29,,"3,990",162,120
Male,"20,372","1,480","13,075","2,619",692,243,18,,"2,095",89,61
Female,"20,835","1,417","14,107","2,543",565,165,11,,"1,895",73,59
MUTITU NORTH,"17,006","1,303","10,757","2,605",684,208,10,,"1,333",82,24
Male,"8,557",714,"5,256","1,330",356,140,7,,697,41,16
Female,"8,448",589,"5,500","1,275",328,68,3,,636,41,8
MUTOMO,"87,071","6,138","54,596","12,091","4,151","1,005",57,,"8,327",571,135
Male,"43,400","3,092","26,854","6,056","2,080",631,26,,"4,290",293,78
Female,"43,668","3,044","27,741","6,035","2,071",374,31,,"4,037",278,57
MWINGI CENTRAL,"86,387","5,109","50,794","15,900","4,620","1,931",52,,"7,416",404,161
Male,"42,345","2,586","24,679","7,788","2,104","1,107",32,,"3,754",211,84
Female,"44,042","2,523","26,115","8,112","2,516",824,20,,"3,662",193,77
MWINGI EAST,"64,565","4,520","41,851","8,596","2,237",695,30,,"6,034",365,237
Male,"31,539","2,270","19,948","4,365","1,095",457,17,,"3,119",169,99
Female,"33,022","2,250","21,901","4,230","1,142",238,13,,"2,914",196,138
NZAMBANI,"38,625","2,258","22,893","7,305","2,088",771,15,,"3,153",109,33
Male,"19,454","1,159","11,300","3,836","1,012",451,11,,"1,616",52,17
Female,"19,170","1,098","11,593","3,469","1,076",320,4,,"1,537",57,16
THAGICU,"11,778",692,"7,485","1,672",535,115,9,,"1,183",76,11
Male,"5,745",356,"3,592",811,272,78,4,,584,41,7
Female,"6,032",336,"3,892",861,263,37,5,,599,35,4
TSEIKURU,"30,246","2,955","18,971","3,749","1,091",314,46,,"2,927",102,91
Male,"15,036","1,448","9,140","2,032",591,212,26,,"1,485",56,46
Female,"15,210","1,507","9,831","1,717",500,102,20,,"1,442",46,45
MACHAKOS,"1,228,605","53,239","605,837","329,876","103,533","47,371",446,4,"81,880","4,396","2,023"
Male,"621,093","27,695","301,229","168,191","51,203","27,101",233,3,"42,023","2,296","1,119"
Female,"607,488","25,544","304,596","161,678","52,328","20,270",213,1,"39,854","2,100",904
ATHI RIVER,"282,339","8,056","96,106","93,488","37,574","25,535",122,3,"19,888","1,051",516
Male,"143,817","4,139","48,104","48,284","18,288","13,925",57,2,"10,116",616,286
Female,"138,521","3,917","48,002","45,204","19,286","11,610",65,1,"9,771",435,230
KALAMA,"45,900","2,792","24,372","11,802","2,766",826,23,,"3,012",195,112
Male,"22,978","1,437","11,938","5,982","1,386",526,11,,"1,556",89,53
Female,"22,917","1,355","12,432","5,817","1,380",300,12,,"1,456",106,59
KANGUNDO,"87,052","4,037","44,720","25,441","5,731","1,449",12,,"5,314",297,51
Male,"43,862","2,077","22,096","12,884","3,029",929,5,,"2,683",132,27
Female,"43,189","1,960","22,624","12,556","2,702",520,7,,"2,631",165,24
KATHIANI,"97,951","3,834","57,325","21,982","6,402","1,502",17,,"6,398",351,140
Male,"48,853","1,998","27,923","11,103","3,329",958,10,,"3,271",178,83
Female,"49,094","1,836","29,400","10,878","3,073",544,7,,"3,126",173,57
MACHAKOS,"149,046","5,135","66,213","41,651","18,192","7,571",28,,"9,362",628,266
Male,"75,155","2,626","33,407","20,933","8,622","4,312",15,,"4,770",325,145
Female,"73,885","2,509","32,804","20,717","9,568","3,259",13,,"4,591",303,121
MASINGA,"123,806","6,795","75,685","23,898","5,809","1,865",65,,"8,754",521,414
Male,"62,390","3,597","37,527","11,988","2,943","1,181",36,,"4,602",286,230
Female,"61,414","3,198","38,156","11,910","2,866",684,29,,"4,152",235,184
MATUNGULU,"141,017","6,860","72,601","38,401","9,860","2,996",33,,"9,737",396,133
Male,"71,601","3,583","36,412","19,691","4,948","1,731",17,,"4,942",191,86
Female,"69,413","3,277","36,187","18,709","4,912","1,265",16,,"4,795",205,47
MWALA,"157,089","8,798","87,431","38,762","8,841","2,849",69,1,"9,704",487,147
Male,"79,772","4,647","43,547","19,877","4,516","1,789",32,1,"5,058",231,74
Female,"77,316","4,151","43,883","18,885","4,325","1,060",37,,"4,646",256,73
YATTA,"144,405","6,932","81,384","34,451","8,358","2,778",77,,"9,711",470,244
Male,"72,665","3,591","40,275","17,449","4,142","1,750",50,,"5,025",248,135
Female,"71,739","3,341","41,108","17,002","4,216","1,028",27,,"4,686",222,109
MAKUENI,"837,302","44,883","470,494","195,236","49,293","17,218",253,2,"54,965","3,356","1,602"
Male,"420,302","23,044","232,854","97,989","24,676","10,750",123,1,"28,269","1,708",888
Female,"416,985","21,838","237,630","97,246","24,615","6,468",130,1,"26,695","1,648",714
KATHONZWENI,"67,132","3,524","38,281","15,085","4,009","1,274",13,,"4,347",436,163
Male,"33,684","1,847","18,928","7,542","2,011",806,6,,"2,208",249,87
Female,"33,445","1,677","19,350","7,543","1,998",468,7,,"2,139",187,76
KIBWEZI,"163,384","9,538","97,331","34,804","6,935","2,709",44,,"11,157",599,267
Male,"82,305","4,864","48,462","17,461","3,547","1,785",21,,"5,674",333,158
Female,"81,075","4,674","48,866","17,343","3,387",924,23,,"5,483",266,109
KILUNGU,"52,526","2,429","31,204","11,532","2,577",893,23,,"3,615",163,90
Male,"25,443","1,208","14,761","5,647","1,279",548,14,,"1,871",66,49
Female,"27,082","1,221","16,442","5,885","1,298",345,9,,"1,744",97,41
MAKINDU,"70,628","3,852","39,795","15,853","4,140","1,536",34,1,"4,966",250,201
Male,"35,212","2,045","19,469","7,842","1,979",981,17,1,"2,631",139,108
Female,"35,416","1,807","20,326","8,011","2,161",555,17,,"2,335",111,93
MAKUENI,"112,666","6,135","55,942","29,085","9,803","3,759",35,,"7,182",586,139
Male,"57,095","3,156","28,067","14,572","4,912","2,244",16,,"3,765",282,81
Female,"55,569","2,978","27,874","14,513","4,891","1,515",19,,"3,417",304,58
MBOONI EAST,"83,425","5,317","46,619","19,163","4,852","1,490",44,,"5,464",298,178
Male,"41,942","2,772","23,080","9,630","2,449",919,14,,"2,830",145,103
Female,"41,482","2,545","23,539","9,533","2,403",571,30,,"2,633",153,75
MBOONI WEST,"88,610","4,523","50,152","21,010","5,094","1,567",21,,"5,657",384,202
Male,"43,407","2,330","24,146","10,292","2,514",965,13,,"2,865",170,112
Female,"45,202","2,193","26,006","10,718","2,579",602,8,,"2,792",214,90
MUKAA,"91,871","4,684","50,206","23,465","5,463","1,848",19,1,"5,842",232,111
Male,"47,042","2,366","25,373","12,157","2,796","1,150",11,,"3,013",117,59
Female,"44,829","2,318","24,833","11,308","2,667",698,8,1,"2,829",115,52
NZAUI,"107,060","4,881","60,964","25,239","6,420","2,142",20,,"6,735",408,251
Male,"54,172","2,456","30,568","12,846","3,189","1,352",11,,"3,412",207,131
Female,"52,885","2,425","30,394","12,392","3,231",790,9,,"3,323",201,120
NYANDARUA,"554,036","22,418","304,961","146,945","27,565","9,751",68,1,"40,873","1,211",243
Male,"277,223","11,457","152,064","72,031","13,821","6,070",33,1,"21,016",592,138
Female,"276,797","10,960","152,887","74,911","13,744","3,681",35,,"19,856",619,104
KINANGOP,"96,274","3,899","54,233","25,483","4,442","1,500",12,1,"6,540",127,37
Male,"47,838","2,004","26,910","12,417","2,169",926,8,1,"3,318",64,21
Female,"48,433","1,895","27,321","13,066","2,273",574,4,,"3,221",63,16
NYANDARUA SOUTH,"81,756","3,371","45,396","21,028","4,305","1,640",6,,"5,829",166,15
Male,"40,704","1,741","22,637","10,065","2,166","1,025",4,,"2,967",89,10
Female,"41,049","1,630","22,758","10,961","2,139",615,2,,"2,862",77,5
MIRANGINE,"57,966","2,391","32,617","15,110","2,262",643,5,,"4,816",94,28
Male,"29,299","1,215","16,364","7,584","1,155",433,2,,"2,481",48,17
Female,"28,666","1,176","16,252","7,526","1,107",210,3,,"2,335",46,11
KIPIPIRI,"81,270","3,634","49,097","18,756","2,986","1,005",19,,"5,511",230,32
Male,"40,745","1,867","24,515","9,220","1,558",628,6,,"2,829",106,16
Female,"40,523","1,766","24,581","9,536","1,428",377,13,,"2,682",124,16
NYANDARUA CENTRAL,"64,926","2,975","33,231","18,155","3,974","1,543",6,,"4,844",159,39
Male,"32,684","1,501","16,687","8,909","1,948",950,3,,"2,580",85,21
Female,"32,241","1,474","16,543","9,246","2,026",593,3,,"2,264",74,18
NYANDARUA WEST,"85,804","2,896","44,130","24,806","5,026","1,851",9,,"6,883",169,34
Male,"43,142","1,478","22,141","12,194","2,538","1,150",4,,"3,545",76,16
Female,"42,658","1,418","21,985","12,612","2,488",701,5,,"3,338",93,18
NYANDARUA NORTH,"86,026","3,252","46,253","23,600","4,567","1,569",11,,"6,450",266,58
Male,"42,801","1,651","22,808","11,637","2,284",958,6,,"3,296",124,37
Female,"43,223","1,601","23,445","11,962","2,283",611,5,,"3,154",142,20
ABERDARE NATIONAL PARK,14,,4,7,3,,,,,,
Male,10,,2,5,3,,,,,,
Female,4,,2,2,,,,,,,
NYERI,"669,179","21,243","310,058","213,006","58,744","22,341",66,,"40,928","2,170",623
Male,"333,191","10,675","153,928","105,311","27,907","13,063",32,,"20,900","1,050",325
Female,"335,963","10,568","156,110","107,691","30,837","9,278",34,,"20,027","1,120",298
TETU,"71,556","3,104","33,512","23,066","5,595","1,634",10,,"4,366",222,47
Male,"35,587","1,531","16,608","11,456","2,721",918,6,,"2,224",105,18
Female,"35,967","1,573","16,903","11,609","2,874",716,4,,"2,142",117,29
KIENI EAST,"97,363","3,155","47,288","30,514","7,564","2,319",11,,"6,219",237,56
Male,"49,107","1,602","24,014","15,203","3,591","1,368",8,,"3,150",131,40
Female,"48,252","1,553","23,272","15,310","3,973",951,3,,"3,068",106,16
KIENI WEST,"77,958","2,663","41,193","22,859","4,460","1,384",7,,"5,108",211,73
Male,"39,101","1,357","20,472","11,377","2,260",818,2,,"2,667",105,43
Female,"38,852","1,306","20,716","11,482","2,200",566,5,,"2,441",106,30
MATHIRA EAST,"88,451","2,097","37,983","29,267","9,023","4,399",9,,"5,306",313,54
Male,"43,328",996,"18,616","14,040","4,236","2,612",3,,"2,652",146,27
Female,"45,120","1,101","19,365","15,226","4,787","1,787",6,,"2,654",167,27
MATHIRA WEST,"53,736","1,583","26,529","17,265","3,842","1,120",5,,"3,120",236,36
Male,"26,800",830,"13,145","8,553","1,897",633,3,,"1,627",100,12
Female,"26,933",753,"13,382","8,711","1,945",487,2,,"1,493",136,24
NYERI SOUTH,"79,983","2,165","37,269","26,651","6,733","2,061",9,,"4,794",239,62
Male,"39,530","1,038","18,243","13,203","3,241","1,187",2,,"2,487",98,31
Female,"40,452","1,127","19,025","13,448","3,492",874,7,,"2,307",141,31
MUKURWE-INI,"77,621","2,435","41,640","22,190","4,986","1,549",5,,"4,434",242,140
Male,"39,162","1,244","20,656","11,270","2,595",968,3,,"2,244",112,70
Female,"38,454","1,191","20,979","10,920","2,391",581,2,,"2,190",130,70
NYERI CENTRAL,"122,241","4,037","44,573","41,061","16,497","7,867",10,,"7,571",470,155
Male,"60,394","2,074","22,124","20,117","7,343","4,552",5,,"3,842",253,84
Female,"61,845","1,963","22,447","20,944","9,154","3,315",5,,"3,729",217,71
MT. KENYA FOREST,174,4,61,74,25,2,,,8,,
Male,115,3,42,51,12,2,,,5,,
Female,59,1,19,23,13,,,,3,,
ABERDARE FOREST,96,,10,59,19,6,,,2,,
Male,67,,8,41,11,5,,,2,,
Female,29,,2,18,8,1,,,,,
KIRINYAGA,"529,936","22,338","269,790","152,588","36,898","12,876",109,2,"33,532","1,435",368
Male,"266,723","11,433","135,224","76,131","18,299","7,710",51,1,"16,924",737,213
Female,"263,187","10,904","134,549","76,450","18,599","5,166",58,1,"16,607",698,155
KIRINYAGA CENTRAL,"106,657","4,090","49,899","32,226","9,501","3,715",11,,"6,784",331,100
Male,"53,267","2,099","24,938","15,799","4,568","2,204",7,,"3,430",164,58
Female,"53,386","1,991","24,958","16,426","4,933","1,511",4,,"3,354",167,42
KIRINYAGA EAST,"118,613","6,097","58,493","36,057","8,160","2,586",17,,"6,842",280,81
Male,"60,084","3,103","29,584","18,009","4,257","1,548",12,,"3,377",147,47
Female,"58,521","2,993","28,905","18,045","3,903","1,038",5,,"3,465",133,34
KIRINYAGA WEST,"100,427","3,645","51,022","29,449","7,046","2,338",20,2,"6,561",293,51
Male,"50,206","1,807","25,307","14,643","3,547","1,369",9,1,"3,357",136,30
Female,"50,218","1,838","25,712","14,806","3,499",969,11,1,"3,204",157,21
MWEA EAST,"112,975","4,840","58,803","31,350","7,469","2,716",49,,"7,338",321,89
Male,"56,761","2,500","29,614","15,505","3,526","1,645",22,,"3,723",180,46
Female,"56,208","2,340","29,184","15,844","3,943","1,071",27,,"3,615",141,43
MWEA WEST,"91,230","3,666","51,569","23,493","4,710","1,518",12,,"6,005",210,47
Male,"46,381","1,924","25,777","12,166","2,391",943,1,,"3,037",110,32
Female,"44,844","1,742","25,790","11,325","2,319",575,11,,"2,967",100,15
MT. KENYA FOREST,34,,4,13,12,3,,,2,,
Male,24,,4,9,10,1,,,,,
Female,10,,,4,2,2,,,2,,
MURANG'A,"911,765","36,770","500,277","244,592","52,257","17,886",123,2,"56,716","2,556",586
Male,"460,085","18,613","249,715","124,185","26,212","11,006",66,2,"28,685","1,290",311
Female,"451,651","18,157","250,547","120,403","26,042","6,879",57,,"28,026","1,265",275
MURANG'A EAST,"93,767","3,552","48,148","25,303","7,626","3,286",18,1,"5,516",253,64
Male,"46,925","1,789","24,395","12,381","3,509","1,876",8,1,"2,776",154,36
Female,"46,841","1,763","23,753","12,922","4,117","1,410",10,,"2,739",99,28
KANGEMA,"69,647","2,301","38,432","19,199","4,078","1,251",8,,"4,129",228,21
Male,"35,032","1,166","19,045","9,740","2,083",796,5,,"2,078",106,13
Female,"34,612","1,135","19,387","9,457","1,995",455,3,,"2,050",122,8
MATHIOYA,"79,274","3,239","43,554","21,210","4,553","1,333",11,,"4,994",330,50
Male,"39,849","1,647","21,807","10,528","2,354",824,4,,"2,510",148,27
Female,"39,424","1,592","21,746","10,682","2,199",509,7,,"2,484",182,23
KAHURO,"76,930","2,366","43,231","21,367","4,100","1,211",10,,"4,310",291,44
Male,"38,565","1,134","21,353","10,826","2,122",778,4,,"2,197",132,19
Female,"38,358","1,232","21,875","10,540","1,977",433,6,,"2,111",159,25
MURANG'A SOUTH,"159,238","6,344","88,441","41,133","9,164","3,377",18,1,"10,291",365,104
Male,"80,265","3,238","44,109","20,837","4,508","2,094",13,1,"5,230",182,53
Female,"78,968","3,106","44,330","20,296","4,654","1,283",5,,"5,060",183,51
GATANGA,"163,372","6,400","89,379","43,755","9,153","3,340",19,,"10,795",419,112
Male,"83,337","3,248","44,963","22,780","4,591","2,011",12,,"5,443",230,59
Female,"80,032","3,152","44,414","20,975","4,562","1,329",7,,"5,352",188,53
KIGUMO,"118,165","5,634","65,792","31,796","5,742","1,778",21,,"7,065",252,85
Male,"59,748","2,888","32,767","16,134","3,024","1,158",10,,"3,602",119,46
Female,"58,414","2,746","33,023","15,662","2,718",619,11,,"3,463",133,39
KANDARA,"151,331","6,931","83,294","40,804","7,836","2,310",18,,"9,614",418,106
Male,"76,334","3,501","41,272","20,941","4,016","1,469",10,,"4,848",219,58
Female,"74,991","3,430","42,017","19,862","3,820",841,8,,"4,766",199,48
ABERDARE FOREST,41,3,6,25,5,,,,2,,
Male,30,2,4,18,5,,,,1,,
Female,11,1,2,7,,,,,1,,
KIAMBU,"2,119,863","65,892","819,939","685,577","258,123","138,861",212,4,"142,598","6,166","2,491"
Male,"1,044,944","33,212","400,056","340,395","117,289","76,927",83,2,"72,249","3,380","1,351"
Female,"1,074,806","32,675","419,836","345,144","140,824","61,929",129,2,"70,342","2,785","1,140"
GATUNDU NORTH,"95,276","4,413","49,088","28,270","5,795","1,398",12,,"5,878",311,111
Male,"47,898","2,145","24,334","14,387","2,978",834,3,,"2,996",160,61
Female,"47,376","2,268","24,754","13,882","2,816",564,9,,"2,882",151,50
GATUNDU SOUTH,"105,449","3,137","54,119","32,293","7,187","1,764",19,,"6,440",363,127
Male,"53,333","1,616","26,854","16,569","3,649","1,083",8,,"3,286",202,66
Female,"52,112","1,521","27,264","15,722","3,538",681,11,,"3,153",161,61
GITHUNGURI,"144,873","4,998","66,673","48,727","12,101","3,106",12,,"8,852",321,83
Male,"72,888","2,571","33,437","24,641","5,781","1,771",3,,"4,485",157,42
Female,"71,978","2,427","33,232","24,083","6,320","1,335",9,,"4,367",164,41
JUJA,"265,949","8,556","92,608","85,218","37,625","21,710",28,,"18,981",842,381
Male,"131,199","4,327","44,743","42,107","16,788","12,911",11,,"9,618",485,209
Female,"134,731","4,229","47,858","43,103","20,833","8,799",17,,"9,363",357,172
KABETE,"176,713","4,439","64,331","59,417","23,317","12,947",12,1,"11,611",476,162
Male,"86,641","2,219","31,344","29,422","10,476","6,983",4,,"5,848",260,85
Female,"90,058","2,220","32,983","29,987","12,841","5,963",8,1,"5,762",216,77
KIAMBAA,"207,042","6,564","75,728","67,553","26,430","15,549",24,,"14,297",566,331
Male,"101,843","3,311","36,863","34,322","11,550","8,063",15,,"7,245",296,178
Female,"105,190","3,251","38,861","33,231","14,879","7,485",9,,"7,052",269,153
KIAMBU,"127,372","3,560","44,834","38,892","18,653","12,745",11,,"8,106",389,182
Male,"60,712","1,755","21,481","18,430","8,090","6,562",3,,"4,080",217,94
Female,"66,647","1,805","23,348","20,456","10,562","6,183",8,,"4,025",172,88
KIKUYU,"165,020","4,513","60,866","49,382","22,433","15,853",10,,"11,334",496,133
Male,"80,241","2,323","29,510","23,996","9,964","8,373",2,,"5,733",270,70
Female,"84,775","2,189","31,353","25,386","12,469","7,480",8,,"5,601",226,63
LARI,"117,345","4,215","59,974","34,749","8,172","2,357",14,,"7,436",351,77
Male,"58,938","2,129","29,743","17,597","4,053","1,378",5,,"3,800",185,48
Female,"58,405","2,085","30,231","17,152","4,119",979,9,,"3,635",166,29
LIMURU,"138,940","5,095","62,509","43,369","12,986","4,887",15,,"9,546",419,114
Male,"70,268","2,622","31,575","22,337","5,967","2,648",4,,"4,845",203,67
Female,"68,672","2,473","30,934","21,032","7,019","2,239",11,,"4,701",216,47
RUIRU,"327,537","9,879","103,379","113,886","46,091","29,784",37,1,"22,927","1,020",533
Male,"159,022","4,884","48,540","55,273","21,002","16,806",17,1,"11,590",605,304
Female,"168,496","4,995","54,832","58,607","25,088","12,976",20,,"11,334",415,229
THIKA EAST,"33,778","1,284","16,437","10,026","2,797",775,4,,"2,374",63,18
Male,"17,320",666,"8,288","5,301","1,362",465,4,,"1,187",37,10
Female,"16,454",618,"8,147","4,723","1,435",310,,,"1,187",26,8
THIKA WEST,"214,569","5,239","69,393","73,795","34,536","15,986",14,2,"14,816",549,239
Male,"104,641","2,644","33,344","36,013","15,629","9,050",4,1,"7,536",303,117
Female,"109,912","2,594","36,039","37,780","18,905","6,935",10,1,"7,280",246,122
TURKANA,"246,743","18,056","126,033","42,812","11,207","4,735",650,1,"40,756",916,"1,577"
Male,"134,242","9,079","65,802","26,732","7,006","3,504",351,,"20,384",545,839
Female,"112,498","8,976","60,230","16,080","4,201","1,231",299,1,"20,371",371,738
KIBISH,"3,169",271,"1,725",445,93,37,14,,547,16,21
Male,"1,902",133,"1,008",338,71,28,8,,291,9,16
Female,"1,266",138,717,107,22,9,6,,255,7,5
LOIMA,"17,434","1,273","8,822","1,744",374,111,71,,"4,574",59,406
Male,"9,108",626,"4,455","1,130",250,92,43,,"2,279",36,197
Female,"8,326",647,"4,367",614,124,19,28,,"2,295",23,209
TURKANA CENTRAL,"81,517","5,888","38,458","15,977","5,253","2,516",119,,"12,846",312,148
Male,"42,842","2,921","19,294","9,168","2,936","1,805",63,,"6,385",183,87
Female,"38,675","2,967","19,164","6,809","2,317",711,56,,"6,461",129,61
TURKANA EAST,"20,823","1,489","10,332","4,583","1,133",323,81,1,"2,501",100,280
Male,"11,534",767,"5,435","2,769",748,253,54,,"1,307",51,150
Female,"9,289",722,"4,897","1,814",385,70,27,1,"1,194",49,130
TURKANA NORTH,"11,892","1,123","5,549","1,372",462,139,66,,"3,107",31,43
Male,"6,748",565,"3,127",948,333,115,34,,"1,575",25,26
Female,"5,144",558,"2,422",424,129,24,32,,"1,532",6,17
TURKANA SOUTH,"41,268","3,008","21,557","7,247","1,761",613,102,,"6,750",77,153
Male,"21,587","1,457","10,580","4,420","1,189",474,54,,"3,282",43,88
Female,"19,679","1,550","10,976","2,827",572,139,48,,"3,468",34,65
TURKANA WEST,"70,640","5,004","39,590","11,444","2,131",996,197,,"10,431",321,526
Male,"40,521","2,610","21,903","7,959","1,479",737,95,,"5,265",198,275
Female,"30,119","2,394","17,687","3,485",652,259,102,,"5,166",123,251
WEST POKOT,"328,752","26,768","180,941","48,507","12,995","5,905",515,1,"51,949",506,665
Male,"168,629","13,541","89,949","27,411","6,671","3,764",268,1,"26,377",296,351
Female,"160,116","13,226","90,987","21,096","6,324","2,141",247,,"25,571",210,314
KIPKOMO,"67,450","4,684","39,452","9,195","2,486",965,111,,"10,336",103,118
Male,"34,453","2,402","19,601","5,160","1,231",633,63,,"5,238",59,66
Female,"32,993","2,282","19,847","4,035","1,255",332,48,,"5,098",44,52
POKOT CENTRAL,"58,170","4,240","35,720","6,062","1,503",467,70,,"9,979",52,77
Male,"30,580","2,204","18,323","3,615",928,330,34,,"5,080",28,38
Female,"27,589","2,036","17,396","2,447",575,137,36,,"4,899",24,39
POKOT NORTH,"33,944","2,890","18,158","4,292","1,156",433,45,1,"6,823",41,105
Male,"17,446","1,393","8,854","2,704",712,316,24,1,"3,373",21,48
Female,"16,498","1,497","9,304","1,588",444,117,21,,"3,450",20,57
POKOT SOUTH,"56,673","4,419","31,261","8,626","2,275",773,79,,"9,076",74,90
Male,"28,727","2,252","15,280","4,739","1,162",518,32,,"4,650",48,46
Female,"27,944","2,166","15,981","3,887","1,113",255,47,,"4,425",26,44
WEST POKOT,"112,515","10,535","56,350","20,332","5,575","3,267",210,,"15,735",236,275
Male,"57,423","5,290","27,891","11,193","2,638","1,967",115,,"8,036",140,153
Female,"55,092","5,245","28,459","9,139","2,937","1,300",95,,"7,699",96,122
SAMBURU,"120,230","9,441","58,228","20,750","6,176","2,613",148,,"22,229",345,300
Male,"65,075","4,825","30,075","12,563","3,744","1,854",89,,"11,549",211,165
Female,"55,154","4,616","28,153","8,187","2,432",759,59,,"10,679",134,135
SAMBURU CENTRAL,"77,389","5,722","38,119","13,291","3,949","1,908",70,,"13,880",218,232
Male,"41,684","2,900","19,743","7,945","2,271","1,317",45,,"7,206",131,126
Female,"35,705","2,822","18,376","5,346","1,678",591,25,,"6,674",87,106
SAMBURU EAST,"25,288","1,961","12,277","4,485","1,466",435,35,,"4,489",91,49
Male,"13,688","1,009","6,295","2,709",907,318,23,,"2,342",57,28
Female,"11,600",952,"5,982","1,776",559,117,12,,"2,147",34,21
SAMBURU NORTH,"17,553","1,758","7,832","2,974",761,270,43,,"3,860",36,19
Male,"9,703",916,"4,037","1,909",566,219,21,,"2,001",23,11
Female,"7,849",842,"3,795","1,065",195,51,22,,"1,858",13,8
TRANS NZOIA,"807,667","53,584","431,851","182,554","37,608","18,580",442,1,"80,160","1,512","1,375"
Male,"400,680","26,744","210,971","91,074","17,835","11,357",238,1,"40,846",879,735
Female,"406,969","26,838","220,869","91,477","19,772","7,223",204,,"39,313",633,640
TRANS NZOIA WEST,"165,100","8,202","89,139","40,080","7,678","3,177",37,,"16,179",305,303
Male,"82,214","4,127","43,295","20,403","3,785","2,002",21,,"8,231",186,164
Female,"82,883","4,075","45,842","19,676","3,893","1,175",16,,"7,948",119,139
TRANS NZOIA EAST,"187,681","8,824","104,162","43,337","8,557","4,089",57,1,"17,847",400,407
Male,"93,324","4,511","51,085","21,624","4,049","2,517",30,1,"9,083",219,205
Female,"94,351","4,311","53,074","21,713","4,508","1,572",27,,"8,763",181,202
KWANZA,"163,735","16,789","84,278","34,275","7,163","3,303",208,,"17,043",374,302
Male,"81,182","8,339","41,219","16,921","3,450","2,063",112,,"8,696",213,169
Female,"82,550","8,450","43,058","17,353","3,712","1,240",96,,"8,347",161,133
ENDEBESS,"87,680","8,467","51,126","14,608","2,108",862,59,,"10,222",113,115
Male,"44,520","4,184","25,235","7,960","1,131",605,30,,"5,245",69,61
Female,"43,157","4,283","25,888","6,648",977,257,29,,"4,977",44,54
KIMININI,"203,471","11,302","103,146","50,254","12,102","7,149",81,,"18,869",320,248
Male,"99,440","5,583","50,137","24,166","5,420","4,170",45,,"9,591",192,136
Female,"104,028","5,719","53,007","26,087","6,682","2,979",36,,"9,278",128,112
UASIN GISHU,"982,670","43,537","448,585","266,209","88,308","48,856",328,6,"83,392","2,148","1,301"
Male,"491,510","22,206","223,415","134,529","39,932","26,374",175,3,"42,987","1,161",728
Female,"491,139","21,331","225,165","131,673","48,373","22,479",153,3,"40,403",987,572
AINABKOI,"117,289","4,858","51,897","31,360","11,631","7,500",32,,"9,657",259,95
Male,"58,348","2,426","26,095","15,634","5,193","3,798",16,,"4,997",142,47
Female,"58,941","2,432","25,802","15,726","6,438","3,702",16,,"4,660",117,48
KAPSERET,"171,715","6,143","69,354","51,007","20,164","11,456",37,,"12,910",376,268
Male,"86,038","3,091","34,623","26,031","9,282","6,028",18,,"6,610",210,145
Female,"85,673","3,052","34,730","24,974","10,881","5,428",19,,"6,300",166,123
KESSES,"125,458","5,915","62,591","30,470","9,423","5,396",26,,"11,300",259,78
Male,"63,271","3,127","31,477","15,351","4,264","2,961",13,,"5,907",128,43
Female,"62,184","2,788","31,113","15,119","5,158","2,434",13,,"5,393",131,35
MOIBEN,"152,275","5,862","66,472","41,659","15,547","10,063",61,1,"12,132",278,200
Male,"75,484","2,934","33,262","20,672","6,673","5,448",29,1,"6,212",148,105
Female,"76,789","2,928","33,208","20,987","8,874","4,615",32,,"5,920",130,95
SOY,"192,028","9,764","98,152","47,852","12,012","5,690",83,2,"17,860",366,247
Male,"96,177","5,067","48,896","23,928","5,453","3,215",42,1,"9,223",197,155
Female,"95,846","4,697","49,256","23,923","6,558","2,474",41,1,"8,636",169,91
TURBO,"223,905","10,995","100,119","63,861","19,531","8,751",89,3,"19,533",610,413
Male,"112,192","5,561","49,062","32,913","9,067","4,924",57,1,"10,038",336,233
Female,"111,706","5,434","51,056","30,944","10,464","3,826",32,2,"9,494",274,180
ELGEYO/MARAKWET,"363,177","22,797","193,605","78,023","19,913","7,821",229,1,"39,336",808,644
Male,"183,740","11,781","96,142","40,644","9,548","4,452",131,1,"20,217",472,352
Female,"179,428","11,015","97,458","37,378","10,364","3,368",98,,"19,119",336,292
KEIYO NORTH,"83,235","4,781","41,173","20,522","6,011","2,526",17,,"7,910",206,89
Male,"41,815","2,471","20,618","10,390","2,680","1,344",10,,"4,129",126,47
Female,"41,419","2,310","20,554","10,132","3,331","1,182",7,,"3,781",80,42
KEIYO SOUTH,"100,537","6,846","53,041","22,680","5,813","2,129",57,,"9,289",278,404
Male,"51,261","3,558","26,940","11,649","2,789","1,114",32,,"4,791",168,220
Female,"49,273","3,288","26,101","11,030","3,023","1,014",25,,"4,498",110,184
MARAKWET EAST,"70,984","5,328","38,935","12,431","2,690","1,016",81,1,"10,310",161,31
Male,"35,834","2,707","18,659","6,949","1,393",669,42,1,"5,310",86,18
Female,"35,149","2,620","20,276","5,482","1,297",347,39,,"5,000",75,13
MARAKWET WEST,"108,421","5,842","60,456","22,390","5,399","2,150",74,,"11,827",163,120
Male,"54,830","3,045","29,925","11,656","2,686","1,325",47,,"5,987",92,67
Female,"53,587","2,797","30,527","10,734","2,713",825,27,,"5,840",71,53
NANDI,"744,256","49,297","409,504","152,581","42,676","17,229",518,4,"69,531","1,796","1,120"
Male,"373,405","25,091","202,804","77,805","20,192","9,956",286,2,"35,665",982,622
Female,"370,835","24,206","206,687","74,775","22,484","7,273",232,2,"33,864",814,498
CHESUMEI,"140,057","7,662","73,354","32,577","9,943","4,499",55,1,"11,581",267,118
Male,"69,601","3,919","36,217","16,297","4,526","2,470",36,1,"5,915",148,72
Female,"70,453","3,743","37,135","16,280","5,417","2,029",19,,"5,665",119,46
NANDI CENTRAL,"123,620","9,404","65,934","25,410","7,635","3,611",180,,"10,769",558,119
Male,"61,703","4,798","32,574","12,813","3,481","2,092",88,,"5,509",290,58
Female,"61,913","4,606","33,357","12,596","4,154","1,519",92,,"5,260",268,61
NANDI EAST,"101,090","7,785","54,101","20,401","6,226","2,381",49,1,"9,752",200,194
Male,"51,192","3,978","26,913","10,699","2,994","1,371",31,1,"4,994",113,98
Female,"49,896","3,807","27,186","9,702","3,232","1,010",18,,"4,758",87,96
NANDI NORTH,"138,862","7,730","78,372","29,100","7,036","2,733",67,1,"13,282",287,254
Male,"69,415","3,885","38,693","14,789","3,301","1,569",35,,"6,838",169,136
Female,"69,444","3,845","39,676","14,311","3,735","1,164",32,1,"6,444",118,118
NANDI SOUTH,"145,263","10,149","80,981","28,838","7,671","2,631",103,1,"14,285",341,263
Male,"72,624","5,138","40,096","14,335","3,789","1,584",61,,"7,293",176,152
Female,"72,636","5,011","40,882","14,503","3,882","1,047",42,1,"6,992",165,111
TINDERET,"95,364","6,567","56,762","16,255","4,165","1,374",64,,"9,862",143,172
Male,"48,870","3,373","28,311","8,872","2,101",870,35,,"5,116",86,106
Female,"46,493","3,194","28,451","7,383","2,064",504,29,,"4,745",57,66
BARINGO,"445,727","24,456","226,431","100,918","31,394","12,366",322,2,"47,670","1,279",889
Male,"227,913","12,548","114,103","52,734","15,091","7,267",177,1,"24,838",675,479
Female,"217,804","11,908","112,324","48,182","16,302","5,099",145,,"22,830",604,410
BARINGO CENTRAL,"81,414","3,687","37,990","20,971","8,201","3,408",14,,"6,757",294,92
Male,"40,778","1,843","18,943","10,609","3,772","1,914",6,,"3,500",144,47
Female,"40,636","1,844","19,047","10,362","4,429","1,494",8,,"3,257",150,45
BARINGO NORTH,"82,312","4,405","44,545","17,096","5,473","1,704",38,1,"8,573",231,246
Male,"42,037","2,269","22,294","8,817","2,798","1,063",16,,"4,527",117,136
Female,"40,273","2,136","22,250","8,279","2,675",641,22,,"4,046",114,110
EAST POKOT,"15,563","1,342","7,388","2,606",670,296,53,,"3,030",42,136
Male,"8,572",718,"3,918","1,596",404,205,34,,"1,602",24,71
Female,"6,990",624,"3,470","1,010",266,91,19,,"1,427",18,65
KOIBATEK,"111,168","5,213","55,879","28,505","8,074","3,367",26,1,"9,757",224,122
Male,"56,265","2,645","28,189","14,627","3,676","1,883",16,1,"5,037",128,63
Female,"54,901","2,568","27,689","13,877","4,398","1,484",10,,"4,720",96,59
MARIGAT,"66,652","4,253","35,848","13,034","3,177","1,200",44,,"8,891",90,115
Male,"34,272","2,108","17,852","7,136","1,620",798,20,,"4,627",45,66
Female,"32,377","2,145","17,995","5,897","1,556",402,24,,"4,264",45,49
MOGOTIO,"72,874","4,191","37,051","16,475","5,048","2,081",52,,"7,652",232,92
Male,"37,248","2,213","18,805","8,525","2,335","1,181",34,,"3,978",123,54
Female,"35,624","1,978","18,245","7,950","2,713",900,18,,"3,673",109,38
TIATY EAST,"15,744","1,365","7,730","2,231",751,310,95,,"3,010",166,86
Male,"8,741",752,"4,102","1,424",486,223,51,,"1,567",94,42
Female,"7,003",613,"3,628",807,265,87,44,,"1,443",72,44
LAIKIPIA,"396,236","16,969","200,605","106,500","25,252","10,222",119,,"34,848","1,328",393
Male,"201,391","8,727","100,927","54,346","12,446","6,065",64,,"17,882",713,221
Female,"194,837","8,242","99,673","52,153","12,806","4,157",55,,"16,964",615,172
LAIKIPIA CENTRAL,"82,872","2,639","41,933","24,296","5,997","1,892",8,,"5,782",229,96
Male,"41,828","1,396","21,130","12,134","2,894","1,112",4,,"3,001",107,50
Female,"41,044","1,243","20,803","12,162","3,103",780,4,,"2,781",122,46
LAIKIPIA EAST,"81,439","2,728","37,031","24,895","7,244","2,915",31,,"6,279",238,78
Male,"41,595","1,417","18,492","13,132","3,529","1,656",16,,"3,177",135,41
Female,"39,839","1,311","18,535","11,763","3,715","1,259",15,,"3,101",103,37
LAIKIPIA NORTH,"16,261","1,034","8,841","2,327",475,148,12,,"3,357",48,19
Male,"8,901",540,"4,775","1,418",293,108,5,,"1,714",34,14
Female,"7,360",494,"4,066",909,182,40,7,,"1,643",14,5
LAIKIPIA WEST,"85,629","4,679","47,688","19,098","3,294","1,190",44,,"9,092",414,130
Male,"44,371","2,433","24,291","10,090","1,778",757,25,,"4,706",217,74
Female,"41,257","2,246","23,396","9,008","1,516",433,19,,"4,386",197,56
NYAHURURU,"130,035","5,889","65,112","35,884","8,242","4,077",24,,"10,338",399,70
Male,"64,696","2,941","32,239","17,572","3,952","2,432",14,,"5,284",220,42
Female,"65,337","2,948","32,873","18,311","4,290","1,645",10,,"5,053",179,28
NAKURU,"1,817,950","86,017","884,543","498,450","127,430","57,798",362,4,"156,250","4,494","2,602"
Male,"910,222","43,492","434,439","254,694","59,495","33,819",165,3,"80,224","2,467","1,424"
Female,"907,648","42,520","450,066","243,730","67,932","23,976",197,1,"76,022","2,027","1,177"
GILGIL,"155,494","8,527","73,083","46,883","9,866","3,629",34,,"12,742",451,279
Male,"78,968","4,312","35,972","25,072","4,563","2,088",14,,"6,555",236,156
Female,"76,519","4,214","37,107","21,809","5,303","1,541",20,,"6,187",215,123
KURESOI NORTH,"144,244","8,526","86,318","28,112","4,250","1,549",44,,"15,111",206,128
Male,"72,651","4,360","42,230","14,803","2,272","1,011",22,,"7,769",115,69
Female,"71,590","4,165","44,088","13,307","1,978",538,22,,"7,342",91,59
KURESOI SOUTH,"127,475","8,537","73,526","24,780","5,174","2,116",37,,"12,845",204,256
Male,"64,618","4,412","36,034","13,120","2,698","1,384",19,,"6,671",129,151
Female,"62,855","4,124","37,491","11,660","2,476",732,18,,"6,174",75,105
MOLO,"132,470","6,204","72,276","33,617","5,792","2,458",32,,"11,593",258,240
Male,"66,760","3,196","35,878","17,144","2,861","1,516",18,,"5,863",157,127
Female,"65,705","3,008","36,397","16,470","2,931",942,14,,"5,729",101,113
NAIVASHA,"295,597","13,069","135,759","92,185","22,075","7,567",38,,"23,577",905,422
Male,"148,476","6,450","66,444","47,380","10,857","4,526",18,,"12,080",500,221
Female,"147,096","6,619","69,301","44,797","11,218","3,039",20,,"11,497",405,200
NAKURU EAST,"167,180","5,172","58,102","54,965","23,894","12,141",16,1,"12,008",547,334
Male,"79,609","2,529","27,355","26,539","9,987","6,635",8,1,"6,076",302,177
Female,"87,563","2,643","30,742","28,423","13,907","5,506",8,,"5,932",245,157
NAKURU NORTH,"186,999","7,721","85,673","54,608","16,184","6,898",27,1,"15,132",517,238
Male,"91,722","3,856","41,885","26,600","7,108","4,084",9,,"7,774",272,134
Female,"95,263","3,865","43,781","28,002","9,076","2,814",18,1,"7,357",245,104
NAKURU WEST,"167,901","5,734","65,448","58,613","16,856","7,593",18,,"12,897",499,243
Male,"85,621","2,869","32,572","30,866","7,940","4,423",8,,"6,518",286,139
Female,"82,272","2,864","32,874","27,745","8,914","3,170",10,,"6,378",213,104
NJORO,"201,002","10,550","113,885","43,181","7,787","4,727",55,1,"20,224",429,163
Male,"100,999","5,380","56,181","21,973","3,864","2,923",25,1,"10,352",211,89
Female,"100,000","5,169","57,703","21,208","3,923","1,803",30,,"9,872",218,74
RONGAI,"167,895","7,833","79,932","44,562","12,673","8,006",36,,"14,310",313,230
Male,"84,779","3,994","39,976","22,600","5,863","4,515",12,,"7,517",176,126
Female,"83,112","3,839","39,954","21,962","6,809","3,491",24,,"6,792",137,104
SUBUKIA,"71,693","4,144","40,541","16,944","2,879","1,114",25,1,"5,811",165,69
Male,"36,019","2,134","19,912","8,597","1,482",714,12,1,"3,049",83,35
Female,"35,673","2,010","20,628","8,347","1,397",400,13,,"2,762",82,34
NAROK,"750,610","63,320","411,482","122,446","29,664","11,918",629,,"108,204","1,474","1,473"
Male,"385,487","31,766","205,132","67,546","15,820","7,811",338,,"55,375",845,854
Female,"365,113","31,554","206,347","54,897","13,843","4,106",291,,"52,827",629,619
NAROK EAST,"69,566","5,303","38,687","11,457","2,577",806,35,,"10,269",264,168
Male,"36,269","2,742","19,702","6,300","1,412",590,15,,"5,280",139,89
Female,"33,297","2,561","18,985","5,157","1,165",216,20,,"4,989",125,79
NAROK NORTH,"171,884","12,213","86,287","35,798","10,019","5,019",86,,"21,483",490,489
Male,"88,857","6,298","44,038","19,156","4,820","3,036",50,,"10,877",290,292
Female,"83,021","5,915","42,248","16,640","5,198","1,983",36,,"10,604",200,197
NAROKSOUTH,"142,614","13,040","81,432","20,026","4,402","1,518",148,,"21,689",183,176
Male,"73,278","6,545","40,488","11,322","2,421","1,036",89,,"11,159",106,112
Female,"69,335","6,495","40,944","8,703","1,981",482,59,,"10,530",77,64
NAROK WEST,"107,281","8,996","61,363","14,217","3,425","1,308",76,,"17,516",199,181
Male,"55,867","4,581","30,944","8,151","1,977",925,41,,"9,025",117,106
Female,"51,413","4,415","30,419","6,066","1,448",382,35,,"8,491",82,75
TRANS MARA EAST,"83,904","8,132","50,536","10,269","2,438",933,141,,"11,256",99,100
Male,"41,905","3,926","24,213","5,697","1,398",654,65,,"5,828",62,62
Female,"41,998","4,206","26,322","4,572","1,040",279,76,,"5,428",37,38
TRANS MARA WEST,"175,329","15,636","93,176","30,657","6,796","2,332",143,,"25,991",239,359
Male,"89,283","7,674","45,746","16,901","3,785","1,569",78,,"13,206",131,193
Female,"86,045","7,962","47,429","13,756","3,011",763,65,,"12,785",108,166
MAU FOREST,32,,1,22,7,2,,,,,
Male,28,,1,19,7,1,,,,,
Female,4,,,3,,1,,,,,
KAJIADO,"820,583","43,012","334,149","220,627","82,644","49,215",388,3,"84,627","3,100","2,818"
Male,"414,248","21,785","165,935","112,603","39,188","28,237",196,3,"43,030","1,712","1,559"
Female,"406,310","21,226","168,204","108,019","43,453","20,974",192,,"41,595","1,388","1,259"
ISINYA,"175,419","5,195","59,988","59,076","22,265","12,693",72,,"13,844",922,"1,364"
Male,"87,444","2,697","29,316","29,583","10,373","7,297",30,,"6,925",511,712
Female,"87,970","2,498","30,670","29,491","11,892","5,395",42,,"6,919",411,652
KAJIADO CENTRAL,"100,957","6,878","47,364","20,819","6,635","2,409",70,3,"15,857",511,411
Male,"52,946","3,482","24,336","11,475","3,515","1,497",45,3,"8,047",291,255
Female,"48,010","3,396","23,027","9,344","3,120",912,25,,"7,810",220,156
KAJIADO NORTH,"269,219","8,799","91,039","84,137","37,049","27,823",42,,"18,996",863,471
Male,"131,968","4,353","43,615","41,548","16,617","15,501",20,,"9,579",481,254
Female,"137,240","4,446","47,420","42,588","20,429","12,319",22,,"9,417",382,217
KAJIADO WEST,"110,635","7,853","50,465","24,631","8,038","3,624",51,,"15,344",300,329
Male,"57,365","4,030","25,685","13,121","4,016","2,220",28,,"7,897",179,189
Female,"53,266","3,822","24,778","11,509","4,022","1,404",23,,"7,447",121,140
LOITOKITOK,"117,737","10,656","63,372","20,510","5,377","1,626",105,,"15,531",391,169
Male,"60,277","5,346","31,740","10,870","2,918","1,090",46,,"7,975",191,101
Female,"57,457","5,310","31,631","9,639","2,459",536,59,,"7,555",200,68
MASHUURU,"46,616","3,631","21,921","11,454","3,280","1,040",48,,"5,055",113,74
Male,"24,248","1,877","11,243","6,006","1,749",632,27,,"2,607",59,48
Female,"22,367","1,754","10,678","5,448","1,531",408,21,,"2,447",54,26
KERICHO,"761,280","40,246","407,704","174,656","50,155","22,045",243,,"64,016","1,318",897
Male,"383,958","20,448","199,521","91,483","25,335","13,001",125,,"32,785",768,492
Female,"377,298","19,796","208,167","83,168","24,820","9,044",118,,"31,230",550,405
BELGUT,"126,487","6,282","65,717","31,872","9,543","4,225",17,,"8,592",166,73
Male,"63,851","3,236","31,981","16,849","4,864","2,405",9,,"4,378",94,35
Female,"62,636","3,046","33,736","15,023","4,679","1,820",8,,"4,214",72,38
BURETI,"170,168","8,587","88,030","42,381","11,651","5,121",61,,"13,892",272,173
Male,"84,965","4,358","42,733","21,589","5,914","3,016",30,,"7,064",159,102
Female,"85,199","4,228","45,294","20,792","5,737","2,105",31,,"6,828",113,71
KERICHO EAST,"144,922","5,676","72,506","36,280","12,322","6,435",39,,"11,175",303,186
Male,"73,884","2,933","36,155","19,155","5,914","3,732",19,,"5,702",170,104
Female,"71,032","2,743","36,346","17,124","6,408","2,703",20,,"5,473",133,82
KIPKELION,"99,231","6,545","56,936","18,734","4,284","1,671",50,,"10,582",204,225
Male,"50,186","3,258","27,866","9,971","2,308","1,102",28,,"5,422",111,120
Female,"49,042","3,287","29,068","8,762","1,976",569,22,,"5,160",93,105
LONDIANI,"115,539","7,349","63,856","25,289","6,069","2,358",22,,"10,275",203,118
Male,"58,013","3,713","31,296","13,153","3,031","1,387",9,,"5,234",125,65
Female,"57,516","3,635","32,554","12,134","3,038",971,13,,"5,040",78,53
SOIN SIGOWET,"104,933","5,807","60,659","20,100","6,286","2,235",54,,"9,500",170,122
Male,"53,059","2,950","29,490","10,766","3,304","1,359",30,,"4,985",109,66
Female,"51,873","2,857","31,169","9,333","2,982",876,24,,"4,515",61,56
BOMET,"730,765","40,702","407,459","152,152","44,191","18,307",210,3,"65,560","1,296",885
Male,"367,044","20,595","195,605","81,140","23,098","11,307",112,,"33,997",715,475
Female,"363,704","20,107","211,841","71,010","21,093","7,000",98,3,"31,561",581,410
BOMET EAST,"116,913","6,773","69,080","20,722","6,081","2,378",42,2,"11,360",242,233
Male,"58,544","3,455","32,640","11,343","3,207","1,581",21,,"6,053",125,119
Female,"58,364","3,318","36,436","9,379","2,874",797,21,2,"5,306",117,114
CHEPALUNGU,"134,977","8,631","80,015","23,329","6,735","2,767",38,,"13,086",211,165
Male,"66,615","4,326","37,365","12,563","3,604","1,775",21,,"6,747",119,95
Female,"68,359","4,305","42,647","10,766","3,131",992,17,,"6,339",92,70
KONOIN,"139,219","7,875","75,686","31,527","8,451","3,584",48,,"11,645",246,157
Male,"71,443","3,980","37,532","16,972","4,458","2,190",26,,"6,082",127,76
Female,"67,773","3,895","38,151","14,555","3,993","1,394",22,,"5,563",119,81
SOTIK,"191,969","10,360","103,113","43,029","12,419","5,188",47,1,"17,236",387,189
Male,"95,879","5,278","49,487","22,328","6,413","3,186",23,,"8,821",232,111
Female,"96,087","5,082","53,625","20,700","6,006","2,002",24,1,"8,414",155,78
BOMET CENTRAL,"147,687","7,063","79,565","33,545","10,505","4,390",35,,"12,233",210,141
Male,"74,563","3,556","38,581","17,934","5,416","2,575",21,,"6,294",112,74
Female,"73,121","3,507","40,982","15,610","5,089","1,815",14,,"5,939",98,67
KAKAMEGA,"1,540,079","95,203","871,892","307,854","70,741","31,321",833,2,"157,022","3,308","1,903"
Male,"748,263","47,829","417,759","145,749","34,311","18,852",459,1,"80,486","1,819",998
Female,"791,786","47,373","454,114","162,102","36,429","12,469",374,1,"76,530","1,489",905
BUTERE,"125,735","7,813","74,859","22,760","4,838","1,758",70,,"13,306",237,94
Male,"61,302","3,944","35,830","10,841","2,515","1,102",42,,"6,834",139,55
Female,"64,431","3,869","39,027","11,919","2,323",656,28,,"6,472",98,39
KAKAMEGA CENTRAL,"160,124","8,514","73,693","39,317","14,171","9,789",86,,"13,879",419,256
Male,"78,850","4,225","36,095","18,924","6,536","5,518",52,,"7,117",243,140
Female,"81,272","4,289","37,597","20,393","7,635","4,271",34,,"6,761",176,116
KAKAMEGA EAST,"137,680","8,427","82,087","25,522","5,884","1,988",74,,"13,215",221,262
Male,"67,017","4,389","39,457","11,885","2,929","1,197",43,,"6,869",118,130
Female,"70,660","4,038","42,629","13,636","2,954",791,31,,"6,346",103,132
KAKAMEGA NORTH,"200,695","15,990","109,557","41,407","8,762","2,976",144,,"21,295",331,233
Male,"97,982","8,032","52,828","19,739","4,327","1,846",89,,"10,811",190,120
Female,"102,708","7,958","56,726","21,668","4,435","1,130",55,,"10,482",141,113
KAKAMEGA SOUTH,"92,328","5,015","54,050","17,898","4,438","1,434",49,1,"9,226",149,68
Male,"44,571","2,580","25,718","8,288","2,167",887,28,,"4,788",71,44
Female,"47,757","2,435","28,332","9,610","2,271",547,21,1,"4,438",78,24
KHWISERO,"94,315","4,825","58,715","17,035","2,987","1,046",11,,"9,358",292,46
Male,"45,348","2,434","27,886","7,835","1,545",692,5,,"4,777",151,23
Female,"48,964","2,390","30,828","9,200","1,442",354,6,,"4,580",141,23
LIKUYANI,"126,184","9,343","67,505","28,617","5,500","2,446",103,,"11,938",478,254
Male,"61,457","4,716","32,616","13,488","2,576","1,473",49,,"6,141",262,136
Female,"64,725","4,627","34,888","15,128","2,924",973,54,,"5,797",216,118
LUGARI,"103,752","5,870","56,474","24,867","5,127","1,822",66,,"9,246",208,72
Male,"50,314","2,928","27,323","11,696","2,398","1,082",31,,"4,708",110,38
Female,"53,438","2,942","29,151","13,171","2,729",740,35,,"4,538",98,34
MATETE,"53,800","2,883","30,657","11,406","2,126",748,29,,"5,739",103,109
Male,"26,058","1,453","14,671","5,339","1,023",483,15,,"2,947",67,60
Female,"27,742","1,430","15,986","6,067","1,103",265,14,,"2,792",36,49
MATUNGU,"129,809","7,084","80,236","21,397","3,934","1,626",50,1,"15,197",138,146
Male,"62,646","3,512","38,051","10,235","1,905","1,049",23,1,"7,708",84,78
Female,"67,160","3,572","42,183","11,162","2,029",577,27,,"7,488",54,68
MUMIAS EAST,"95,765","5,215","56,620","17,184","4,115","1,878",35,,"10,513",140,65
Male,"46,604","2,579","26,985","8,266","2,034","1,189",18,,"5,425",74,34
Female,"49,158","2,636","29,632","8,918","2,081",689,17,,"5,088",66,31
MUMIAS WEST,"93,820","6,983","51,837","17,923","4,414","2,336",48,,"10,038",140,101
Male,"45,482","3,392","24,741","8,614","2,041","1,366",26,,"5,182",70,50
Female,"48,337","3,591","27,095","9,309","2,373",970,22,,"4,856",70,51
NAVAKHOLO,"126,072","7,241","75,602","22,521","4,445","1,474",68,,"14,072",452,197
Male,"60,632","3,645","35,558","10,599","2,315",968,38,,"7,179",240,90
Female,"65,434","3,596","40,040","11,921","2,130",506,30,,"6,892",212,107
VIHIGA,"502,269","32,648","281,893","107,602","24,665","9,590",237,2,"43,701","1,365",566
Male,"243,452","16,404","135,227","50,536","12,067","5,849",124,2,"22,234",696,313
Female,"258,808","16,244","146,661","57,065","12,596","3,741",113,,"21,466",669,253
EMUHAYA,"81,673","5,978","47,872","15,435","3,114","1,112",30,,"7,849",210,73
Male,"39,406","2,938","22,834","7,135","1,575",710,19,,"4,032",118,45
Female,"42,266","3,040","25,037","8,300","1,539",402,11,,"3,817",92,28
VIHIGA,"82,039","3,405","45,263","19,311","4,910","1,843",28,,"6,936",242,101
Male,"39,569","1,715","21,552","9,067","2,387","1,114",18,,"3,552",113,51
Female,"42,468","1,690","23,710","10,244","2,522",729,10,,"3,384",129,50
SABATIA,"113,939","6,183","62,641","26,961","6,265","2,460",23,,"8,980",324,102
Male,"54,898","3,077","29,860","12,737","3,001","1,468",11,,"4,537",148,59
Female,"59,040","3,106","32,781","14,224","3,264",992,12,,"4,442",176,43
LUANDA,"89,866","7,307","49,102","18,675","4,344","1,698",39,,"8,360",242,99
Male,"43,850","3,749","23,652","8,759","2,199","1,033",20,,"4,244",137,57
Female,"46,014","3,558","25,449","9,915","2,145",665,19,,"4,116",105,42
HAMISI,"134,736","9,775","77,013","27,209","6,029","2,477",117,2,"11,576",347,191
Male,"65,717","4,925","37,328","12,829","2,903","1,524",56,2,"5,869",180,101
Female,"69,016","4,850","39,683","14,380","3,125",953,61,,"5,707",167,90
KAKAMEGA FOREST,16,,2,11,3,,,,,,
Male,12,,1,9,2,,,,,,
Female,4,,1,2,1,,,,,,
BUNGOMA,"1,371,156","82,508","735,200","305,720","69,584","28,992",791,3,"143,844","2,219","2,295"
Male,"670,362","40,789","351,525","149,597","34,340","17,884",412,1,"73,318","1,246","1,250"
Female,"700,766","41,716","383,661","156,117","35,243","11,108",379,2,"70,522",973,"1,045"
BUMULA,"172,337","13,855","99,885","30,745","6,298","2,022",109,1,"19,055",190,177
Male,"83,438","6,714","47,198","15,015","3,225","1,325",67,1,"9,668",112,113
Female,"88,898","7,141","52,686","15,730","3,073",697,42,,"9,387",78,64
BUNGOMA CENTRAL,"147,962","8,588","78,954","34,534","7,417","2,387",61,,"15,373",217,431
Male,"72,091","4,246","37,577","16,730","3,788","1,576",34,,"7,792",117,231
Female,"75,866","4,342","41,375","17,802","3,628",811,27,,"7,581",100,200
BUNGOMA EAST,"97,994","5,527","50,871","23,983","5,006","1,988",39,,"10,219",188,173
Male,"47,819","2,818","24,349","11,624","2,394","1,194",19,,"5,208",112,101
Female,"50,173","2,709","26,521","12,358","2,612",794,20,,"5,011",76,72
BUNGOMA NORTH,"102,879","4,589","55,882","25,177","5,177","2,053",33,,"9,766",135,67
Male,"49,950","2,377","26,733","11,814","2,583","1,301",15,,"5,014",76,37
Female,"52,928","2,212","29,149","13,362","2,594",752,18,,"4,752",59,30
BUNGOMA SOUTH,"232,497","11,869","109,857","57,675","18,310","10,400",223,1,"23,224",481,457
Male,"113,113","5,760","52,481","27,800","8,499","6,140",120,,"11,792",279,242
Female,"119,380","6,109","57,373","29,874","9,811","4,260",103,1,"11,432",202,215
CHEPTAIS,"107,151","7,582","62,471","18,914","2,968",999,84,,"13,666",144,323
Male,"53,943","3,740","30,264","10,259","1,628",697,43,,"7,061",75,176
Female,"53,203","3,841","32,205","8,655","1,340",302,41,,"6,603",69,147
KIMILILI,"131,584","8,615","69,512","30,479","6,584","2,781",73,1,"13,030",337,172
Male,"63,964","4,235","33,311","14,624","3,224","1,693",33,,"6,580",179,85
Female,"67,617","4,378","36,200","15,855","3,360","1,088",40,1,"6,450",158,87
MT. ELGON,"64,470","3,103","36,824","13,740","2,791","1,142",28,,"6,778",31,33
Male,"32,347","1,562","17,825","7,314","1,417",733,14,,"3,448",17,17
Female,"32,120","1,541","18,997","6,426","1,374",409,14,,"3,329",14,16
BUNGOMA WEST,"98,358","5,592","56,048","19,893","4,051","1,190",91,,"11,103",152,238
Male,"48,203","2,798","26,621","9,953","2,135",797,42,,"5,651",83,123
Female,"50,154","2,794","29,426","9,940","1,916",393,49,,"5,452",69,115
TONGAREN,"83,916","4,496","45,665","20,040","4,110","1,397",20,,"7,979",160,49
Male,"40,937","2,309","21,956","9,488","2,094",894,7,,"4,082",80,27
Female,"42,978","2,187","23,709","10,551","2,016",503,13,,"3,897",80,22
WEBUYE WEST,"129,406","8,622","67,389","30,237","6,851","2,623",28,,"13,302",181,173
Male,"63,162","4,202","32,230","14,796","3,340","1,529",17,,"6,837",114,97
Female,"66,242","4,420","35,158","15,441","3,511","1,094",11,,"6,464",67,76
MT. ELGON FOREST,"2,602",70,"1,842",303,21,10,2,,349,3,2
Male,"1,395",28,980,180,13,5,1,,185,2,1
Female,"1,207",42,862,123,8,5,1,,164,1,1
BUSIA,"712,283","49,016","406,074","136,243","29,375","12,155",416,3,"77,230","1,069",702
Male,"346,688","23,629","191,628","69,006","14,690","7,582",237,2,"38,932",580,402
Female,"365,573","25,385","214,432","67,235","14,685","4,573",179,1,"38,294",489,300
BUNYALA,"69,899","4,572","41,287","12,586","2,443",901,24,,"7,864",144,78
Male,"34,803","2,181","19,524","6,986","1,394",629,11,,"3,943",78,57
Female,"35,095","2,391","21,762","5,600","1,049",272,13,,"3,921",66,21
BUSIA,"111,961","6,334","62,052","23,707","5,744","2,588",40,,"11,210",146,140
Male,"54,529","3,090","29,443","11,869","2,780","1,578",16,,"5,607",70,76
Female,"57,431","3,243","32,609","11,838","2,964","1,010",24,,"5,603",76,64
BUTULA,"108,839","10,179","63,124","18,253","3,510","1,557",105,1,"11,835",186,89
Male,"51,941","4,793","29,408","8,791","1,728","1,009",65,1,"5,996",101,49
Female,"56,896","5,386","33,715","9,461","1,782",548,40,,"5,839",85,40
NAMBALE,"89,790","5,512","53,030","16,681","3,588","1,681",41,1,"9,015",127,114
Male,"43,172","2,769","25,010","8,036","1,697","1,024",24,1,"4,471",76,64
Female,"46,615","2,743","28,017","8,645","1,891",657,17,,"4,544",51,50
SAMIA,"85,399","6,343","49,234","15,856","3,256","1,279",61,,"9,184",136,50
Male,"41,813","2,991","23,147","8,349","1,741",849,41,,"4,595",76,24
Female,"43,574","3,351","26,079","7,507","1,515",430,20,,"4,586",60,26
TESO NORTH,"113,783","6,640","63,085","24,552","5,030","1,748",52,1,"12,421",184,70
Male,"55,450","3,230","29,675","12,526","2,471","1,073",26,,"6,307",102,40
Female,"58,332","3,410","33,410","12,026","2,559",675,26,1,"6,113",82,30
TESO SOUTH,"132,612","9,436","74,262","24,608","5,804","2,401",93,,"15,701",146,161
Male,"64,980","4,575","35,421","12,449","2,879","1,420",54,,"8,013",77,92
Female,"67,630","4,861","38,840","12,158","2,925",981,39,,"7,688",69,69
SIAYA,"824,640","45,208","484,845","157,416","31,637","14,819",218,6,"87,251","1,880","1,360"
Male,"399,523","22,184","227,211","77,742","16,374","9,655",120,2,"44,475","1,035",725
Female,"425,101","23,024","257,624","79,672","15,261","5,164",98,4,"42,774",845,635
SIAYA,"183,103","10,053","108,404","33,606","7,362","3,516",41,,"19,333",532,256
Male,"88,402","4,946","50,788","16,427","3,659","2,246",22,,"9,881",299,134
Female,"94,697","5,107","57,614","17,177","3,703","1,270",19,,"9,452",233,122
GEM,"150,388","7,601","92,190","27,017","5,247","2,381",17,2,"15,516",246,171
Male,"73,231","3,852","43,648","13,221","2,713","1,576",7,,"7,977",134,103
Female,"77,154","3,749","48,541","13,796","2,534",805,10,2,"7,537",112,68
UGENYA,"108,513","5,921","66,949","19,045","3,057","1,520",36,,"11,718",160,107
Male,"52,294","2,936","31,239","9,310","1,591","1,003",23,,"6,049",87,56
Female,"56,215","2,985","35,708","9,735","1,464",517,13,,"5,669",73,51
UGUNJA,"86,090","4,483","50,731","16,703","3,266","1,551",24,,"8,995",238,99
Male,"41,391","2,188","23,595","8,273","1,656",994,12,,"4,495",127,51
Female,"44,699","2,295","27,136","8,430","1,610",557,12,,"4,500",111,48
BONDO,"167,724","9,211","93,517","34,959","7,657","3,814",50,4,"17,683",431,398
Male,"81,899","4,453","43,980","17,517","4,017","2,468",27,2,"8,988",242,205
Female,"85,822","4,758","49,534","17,442","3,640","1,346",23,2,"8,695",189,193
RARIEDA,"128,822","7,939","73,054","26,086","5,048","2,037",50,,"14,006",273,329
Male,"62,306","3,809","33,961","12,994","2,738","1,368",29,,"7,085",146,176
Female,"66,514","4,130","39,091","13,092","2,310",669,21,,"6,921",127,153
KISUMU,"978,105","53,362","481,724","236,991","69,207","36,298",332,2,"97,158","1,800","1,231"
Male,"478,889","26,015","227,318","118,712","34,237","21,556",179,,"49,221","1,007",644
Female,"499,198","27,347","254,395","118,274","34,970","14,740",153,2,"47,937",793,587
KISUMU EAST,"189,994","8,603","84,724","51,866","17,508","8,403",46,1,"18,309",318,216
Male,"93,726","4,166","40,239","26,179","8,609","4,944",25,,"9,278",184,102
Female,"96,264","4,437","44,483","25,685","8,899","3,459",21,1,"9,031",134,114
KISUMU CENTRAL,"151,206","4,397","54,494","46,601","20,162","13,117",15,1,"11,764",461,194
Male,"72,527","2,148","25,141","22,651","9,196","7,228",8,,"5,809",248,98
Female,"78,675","2,249","29,352","23,948","10,966","5,888",7,1,"5,955",213,96
KISUMU WEST,"145,629","7,983","72,200","36,548","9,583","5,048",57,,"13,688",252,270
Male,"72,142","3,929","34,364","18,616","4,863","3,038",27,,"7,001",157,147
Female,"73,484","4,054","37,833","17,932","4,720","2,010",30,,"6,687",95,123
SEME,"101,033","6,920","58,179","19,439","3,746","1,648",53,,"10,834",139,75
Male,"48,927","3,339","27,242","9,688","1,960","1,092",24,,"5,471",72,39
Female,"52,105","3,581","30,937","9,751","1,786",555,29,,"5,363",67,36
MUHORONI,"127,218","7,931","71,306","25,605","5,412","2,226",54,,"14,277",222,185
Male,"64,017","3,921","34,618","13,441","3,036","1,472",33,,"7,278",123,95
Female,"63,200","4,010","36,687","12,164","2,376",754,21,,"6,999",99,90
NYANDO,"135,494","8,996","73,113","28,896","6,619","2,981",58,,"14,487",195,149
Male,"65,799","4,338","34,334","14,215","3,332","1,908",33,,"7,455",105,79
Female,"69,691","4,658","38,776","14,680","3,287","1,073",25,,"7,032",90,70
NYAKACH,"127,531","8,532","67,708","28,036","6,177","2,875",49,,"13,799",213,142
Male,"61,751","4,174","31,380","13,922","3,241","1,874",29,,"6,929",118,84
Female,"65,779","4,358","36,327","14,114","2,936","1,001",20,,"6,870",95,58
HOMA BAY,"936,435","50,944","514,752","185,148","41,900","19,314",405,1,"121,496","1,426","1,049"
Male,"453,351","24,480","236,358","94,148","22,303","12,924",186,,"61,694",717,541
Female,"483,068","26,461","278,388","90,995","19,596","6,390",219,1,"59,801",709,508
HOMA BAY,"98,476","4,317","48,641","23,180","6,709","3,748",44,1,"11,467",245,124
Male,"47,031","2,083","21,942","11,355","3,261","2,347",18,,"5,835",123,67
Female,"51,444","2,234","26,699","11,825","3,447","1,401",26,1,"5,632",122,57
NDHIWA,"176,801","9,523","104,345","28,581","5,374","2,133",53,,"26,499",195,98
Male,"85,665","4,612","47,900","15,050","3,029","1,519",19,,"13,384",98,54
Female,"91,131","4,909","56,444","13,530","2,345",614,34,,"13,114",97,44
RACHUONYO NORTH,"150,440","8,540","82,001","31,222","7,207","3,062",62,,"17,940",259,147
Male,"73,047","4,077","37,693","15,878","3,963","2,108",37,,"9,113",111,67
Female,"77,390","4,463","44,307","15,342","3,244",954,25,,"8,827",148,80
RACHUONYO EAST,"102,181","4,457","57,700","20,803","4,433","2,072",44,,"12,369",174,129
Male,"49,324","2,218","26,733","10,161","2,347","1,390",26,,"6,271",101,77
Female,"52,855","2,239","30,967","10,640","2,086",682,18,,"6,098",73,52
RACHUONYO SOUTH,"110,893","6,609","57,805","24,186","5,810","3,076",49,,"13,126",146,86
Male,"52,889","3,152","26,453","11,650","2,870","1,952",19,,"6,659",84,50
Female,"58,004","3,457","31,352","12,536","2,940","1,124",30,,"6,467",62,36
RANGWE,"95,975","6,680","53,169","17,023","3,947","1,688",43,,"13,083",150,192
Male,"46,029","3,221","24,181","8,396","2,085","1,159",18,,"6,806",74,89
Female,"49,944","3,458","28,987","8,627","1,862",529,25,,"6,277",76,103
SUBA NORTH,"103,926","5,561","55,663","21,887","5,124","2,195",41,,"13,200",146,109
Male,"51,090","2,632","25,684","11,697","2,793","1,502",17,,"6,627",75,63
Female,"52,835","2,929","29,978","10,190","2,331",693,24,,"6,573",71,46
SUBA SOUTH,"97,743","5,257","55,428","18,266","3,296","1,340",69,,"13,812",111,164
Male,"48,276","2,485","25,772","9,961","1,955",947,32,,"6,999",51,74
Female,"49,465","2,772","29,654","8,305","1,341",393,37,,"6,813",60,90
MIGORI,"891,943","58,435","497,955","162,968","34,705","17,285",507,2,"117,649","1,384","1,053"
Male,"435,319","28,525","231,286","84,718","18,413","11,405",263,2,"59,414",740,553
Female,"456,604","29,909","266,658","78,248","16,291","5,880",243,,"58,231",644,500
AWENDO,"99,605","6,043","54,696","19,660","4,385","2,145",38,,"12,391",152,95
Male,"48,515","2,930","25,158","10,124","2,410","1,425",20,,"6,320",83,45
Female,"51,088","3,112","29,537","9,536","1,975",720,18,,"6,071",69,50
KURIA EAST,"68,210","4,716","41,028","10,658","1,896",951,44,1,"8,744",80,92
Male,"34,174","2,379","19,559","5,884","1,062",677,23,1,"4,500",41,48
Female,"34,033","2,337","21,468","4,773",834,274,21,,"4,243",39,44
KURIA WEST,"156,851","12,391","87,708","27,834","5,646","2,698",179,,"20,019",241,135
Male,"77,778","6,124","41,769","14,901","2,903","1,765",95,,"10,039",117,65
Female,"79,070","6,267","45,938","12,933","2,743",933,83,,"9,979",124,70
NYATIKE,"141,989","8,132","83,054","23,504","4,230","1,811",44,,"20,756",248,210
Male,"68,816","3,908","37,907","12,566","2,385","1,314",25,,"10,464",137,110
Female,"73,167","4,224","45,142","10,938","1,844",497,19,,"10,292",111,100
RONGO,"104,064","6,777","53,132","22,074","5,606","3,523",54,,"12,559",217,122
Male,"50,212","3,300","24,427","10,912","2,815","2,202",20,,"6,359",110,67
Female,"53,851","3,477","28,704","11,162","2,791","1,321",34,,"6,200",107,55
SUNA EAST,"102,060","5,415","55,779","20,405","4,994","2,456",38,,"12,711",133,129
Male,"49,404","2,629","25,768","10,277","2,578","1,560",20,,"6,420",83,69
Female,"52,653","2,786","30,011","10,127","2,416",896,18,,"6,289",50,60
SUNA WEST,"100,908","7,199","53,845","18,882","4,134","2,117",56,1,"14,407",153,114
Male,"48,762","3,481","24,785","9,616","2,093","1,390",32,1,"7,217",83,64
Female,"52,145","3,718","29,059","9,266","2,041",727,24,,"7,190",70,50
URIRI,"118,256","7,762","68,713","19,951","3,814","1,584",54,,"16,062",160,156
Male,"57,658","3,774","31,913","10,438","2,167","1,072",28,,"8,095",86,85
Female,"60,597","3,988","36,799","9,513","1,647",512,26,,"7,967",74,71
KISII,"1,056,594","66,917","503,356","289,486","56,356","29,854",618,9,"107,626","1,502",870
Male,"514,242","32,984","240,848","137,417","28,022","18,840",307,4,"54,543",837,440
Female,"542,327","33,931","262,496","152,059","28,333","11,014",311,5,"53,083",665,430
ETAGO,"68,186","5,286","35,378","15,890","2,022","1,000",52,2,"8,454",71,31
Male,"33,403","2,588","16,736","7,951","1,115",698,24,1,"4,237",34,19
Female,"34,781","2,698","18,641","7,938",907,302,28,1,"4,217",37,12
GUCHA,"69,387","3,890","34,585","18,112","3,505","1,927",18,,"7,189",91,70
Male,"33,352","1,886","16,415","8,383","1,687","1,222",12,,"3,666",45,36
Female,"36,035","2,004","18,170","9,729","1,818",705,6,,"3,523",46,34
GUCHA SOUTH,"68,510","5,121","34,469","16,118","3,333","1,541",43,,"7,709",89,87
Male,"33,518","2,499","16,558","7,784","1,643",994,20,,"3,926",49,45
Female,"34,989","2,621","17,910","8,333","1,690",547,23,,"3,783",40,42
KENYENYA,"109,605","7,599","52,756","30,630","4,304","2,229",127,,"11,744",125,91
Male,"53,315","3,697","25,081","14,690","2,201","1,520",60,,"5,954",67,45
Female,"56,289","3,902","27,674","15,940","2,103",709,67,,"5,790",58,46
KISII CENTRAL,"141,052","7,110","58,386","43,930","12,024","7,109",40,,"12,159",223,71
Male,"69,181","3,512","28,286","20,926","5,765","4,315",21,,"6,195",119,42
Female,"71,869","3,598","30,099","23,004","6,258","2,794",19,,"5,964",104,29
KISII SOUTH,"110,437","7,868","57,573","24,616","5,347","2,963",103,,"11,742",126,99
Male,"53,984","3,892","27,842","11,910","2,503","1,736",57,,"5,920",76,48
Female,"56,448","3,976","29,727","12,705","2,844","1,227",46,,"5,822",50,51
KITUTU CENTRAL,"131,437","8,114","58,247","35,314","10,497","6,249",44,6,"12,562",258,146
Male,"64,408","4,090","28,327","16,768","4,875","3,687",23,2,"6,409",152,75
Female,"67,024","4,024","29,919","18,542","5,622","2,562",21,4,"6,153",106,71
MARANI,"88,583","5,223","47,942","22,193","3,160","1,271",21,,"8,623",81,69
Male,"42,683","2,607","22,647","10,397","1,721",880,12,,"4,335",47,37
Female,"45,899","2,616","25,294","11,796","1,439",391,9,,"4,288",34,32
MASABA SOUTH,"104,534","5,876","46,658","34,295","5,027","2,273",68,,"10,114",141,82
Male,"50,501","2,952","22,153","15,926","2,671","1,536",33,,"5,109",79,42
Female,"54,030","2,924","24,503","18,368","2,356",737,35,,"5,005",62,40
NYAMACHE,"108,990","7,284","50,075","32,762","4,525","2,136",79,1,"11,803",245,80
Male,"52,911","3,548","23,917","15,307","2,464","1,490",35,1,"5,977",140,32
Female,"56,078","3,736","26,158","17,454","2,061",646,44,,"5,826",105,48
SAMETA,"55,873","3,546","27,287","15,626","2,612","1,156",23,,"5,527",52,44
Male,"26,986","1,713","12,886","7,375","1,377",762,10,,"2,815",29,19
Female,"28,885","1,832","14,401","8,250","1,235",394,13,,"2,712",23,25
NYAMIRA,"501,830","24,420","237,025","151,352","27,139","12,775",317,1,"47,286",892,623
Male,"245,254","12,209","114,918","70,874","13,861","8,234",140,1,"24,200",512,305
Female,"256,564","12,209","122,103","80,475","13,277","4,541",177,,"23,084",380,318
BORABU,"61,736","2,502","26,340","20,381","4,654","2,410",15,1,"5,266",91,76
Male,"31,315","1,312","13,160","10,081","2,387","1,526",5,1,"2,746",54,43
Female,"30,421","1,190","13,180","10,300","2,267",884,10,,"2,520",37,33
MANGA,"77,226","4,749","34,421","24,150","4,456","1,874",58,,"7,252",146,120
Male,"37,534","2,312","16,683","11,246","2,246","1,215",25,,"3,673",76,58
Female,"39,690","2,437","17,737","12,904","2,210",659,33,,"3,578",70,62
MASABA NORTH,"92,363","4,393","41,873","30,177","4,939","2,378",87,,"8,357",96,63
Male,"44,538","2,154","20,166","13,885","2,483","1,538",36,,"4,195",47,34
Female,"47,823","2,239","21,707","16,291","2,456",840,51,,"4,161",49,29
NYAMIRA NORTH,"137,819","6,739","70,523","37,229","6,206","2,622",121,,"13,841",298,240
Male,"67,363","3,382","34,216","17,262","3,276","1,746",55,,"7,133",183,110
Female,"70,451","3,356","36,305","19,966","2,929",876,66,,"6,708",115,130
NYAMIRA SOUTH,"132,686","6,037","63,868","39,415","6,884","3,491",36,,"12,570",261,124
Male,"64,504","3,049","30,693","18,400","3,469","2,209",19,,"6,453",152,60
Female,"68,179","2,987","33,174","21,014","3,415","1,282",17,,"6,117",109,64
NAIROBI CITY,"3,787,354","114,688","1,259,466","1,284,981","499,951","334,485",733,186,"270,376","14,414","8,074"
Male,"1,884,245","56,537","597,904","655,589","239,380","186,181",332,97,"135,944","7,865","4,416"
Female,"1,902,938","58,142","661,505","629,329","260,559","148,288",401,89,"134,423","6,547","3,655"
DAGORETTI,"380,451","11,642","139,492","132,202","46,894","20,327",76,3,"28,066","1,083",666
Male,"190,921","5,739","66,946","68,689","22,838","11,565",38,3,"14,074",656,373
Female,"189,505","5,903","72,538","63,504","24,053","8,759",38,,"13,990",427,293
EMBAKASI,"865,056","24,201","258,061","304,600","136,513","73,179",146,13,"63,716","2,725","1,902"
Male,"431,278","11,971","120,523","154,993","66,416","42,615",73,10,"32,073","1,528","1,076"
Female,"433,744","12,227","137,528","149,594","70,095","30,561",73,3,"31,642","1,196",825
KAMUKUNJI,"197,971","8,186","77,113","64,457","19,435","9,507",82,139,"15,761","2,768",523
Male,"103,126","4,060","38,119","35,646","9,789","5,861",35,71,"7,870","1,368",307
Female,"94,839","4,126","38,993","28,807","9,645","3,646",47,68,"7,891","1,400",216
KASARANI,"679,812","20,778","218,299","225,859","98,786","63,562",81,2,"49,291","1,924","1,230"
Male,"329,885","10,138","101,600","109,873","45,051","36,493",37,,"24,886","1,121",686
Female,"349,899","10,637","116,686","115,979","53,734","27,066",44,2,"24,404",803,544
KIBRA,"161,207","4,947","64,713","52,591","14,989","11,285",63,1,"11,849",383,386
Male,"81,878","2,448","31,514","28,276","7,337","5,917",22,1,"5,939",214,210
Female,"79,322","2,499","33,195","24,313","7,651","5,368",41,,"5,910",169,176
LANG'ATA,"170,602","4,842","49,203","48,809","20,346","36,026",45,7,"10,036",825,463
Male,"83,232","2,484","23,359","24,704","8,875","18,084",23,2,"5,079",412,210
Female,"87,363","2,358","25,841","24,105","11,471","17,941",22,5,"4,956",412,252
MAKADARA,"169,335","3,983","52,670","64,391","25,588","11,363",30,3,"10,619",367,321
Male,"85,882","1,978","25,361","33,632","12,668","6,457",15,2,"5,373",221,175
Female,"83,446","2,005","27,305","30,758","12,918","4,906",15,1,"5,246",146,146
MATHARE,"174,560","6,038","78,155","58,891","13,715","3,493",17,1,"13,152",626,472
Male,"90,081","3,052","38,365","31,853","7,373","2,340",9,,"6,465",374,250
Female,"84,467","2,985","39,785","27,032","6,342","1,153",8,1,"6,687",252,222
NJIRU,"549,682","17,047","195,084","196,238","69,797","26,721",57,1,"42,470","1,393",874
Male,"268,531","8,338","92,228","96,262","33,194","15,745",30,1,"21,419",798,516
Female,"281,127","8,708","102,850","99,963","36,603","10,976",27,,"21,048",595,357
STAREHE,"167,374","4,961","50,141","55,722","22,461","22,068",79,10,"10,067","1,305",560
Male,"84,432","2,380","23,629","29,418","10,984","12,023",29,4,"5,019",638,308
Female,"82,934","2,580","26,511","26,301","11,477","10,042",50,6,"5,048",667,252
WESTLANDS,"271,304","8,063","76,535","81,221","31,427","56,954",57,6,"15,349","1,015",677
Male,"134,999","3,949","36,260","42,243","14,855","29,081",21,3,"7,747",535,305
Female,"136,292","4,114","40,273","38,973","16,570","27,870",36,3,"7,601",480,372
