Institution_Name,County
Eldoret National Polytechnic,Uasin Gishu
Kabete National Polytechnic,Kiambu
Kenya Coast National Polytechnic,Mombasa
Kenya School of TVET,Nairobi
Kisii National Polytechnic,Kisii
Kisumu National Polytechnic,Kisumu
Kitale National Polytechnic,Trans Nzoia
North Eastern National Polytechnic,Garissa
Nyandarua National Polytechnic,Nyandarua
Nyeri National Polytechnic,Nyeri
Sigalagala National Polytechnic,Kakamega
Ahmed Shahame Mwidani Technical Training Institute,Mombasa
Aldai Technical Training Institute,Nandi
Baringo Technical College,Baringo
Belgut Technical and Vocational College,Kericho
Bomet Central Technical and Vocational College,Bomet
Bondo Technical Training Institute,Siaya
Borabu Technical and Vocational College,Nyamira
Bumbe Technical Training Institute,Busia
Bungoma North Technical and Vocational College,Bungoma
Bunyala Technical and Vocational College,Busia
Bureti Technical Training Institute,Bomet
Bushiangala Technical Training Institute,Kakamega
Butere Technical and Vocational College,Kakamega
Chamasiri Technical and Vocational College,Busia
Chanzeywe Technical and Vocational College,Vihiga
Chepalungu Technical Training Institute,Bomet
Chepsirei Technical and Vocational College,Elgeyo Marakwet
Cherangany Technical and Vocational College,Trans Nzoia
Chuka Technical and Vocational College,Tharaka Nithi
David M. Wambuli Technical and Vocational College,Makueni
Dr. Daniel Wako Murende Technical and Vocational College,Busia
Ebukanga Technical and Vocational College,Vihiga
Ekerubo Gietai Technical Training Institute,Nyamira
Eldama Ravine Technical and Vocational College,Baringo
Emining Technical Training Institute,Baringo
Emsos Technical and Vocational College,Nandi
Emgwen Technical and Vocational College,Nandi
Emurua Dikirr Technical Training Institute,Narok
Endebess Technical Training Institute,Trans Nzoia
Gatanga Technical and Vocational College,Murang'a
Gatundu South Technical and Vocational College,Kiambu
Gitwebe Technical Training Institute,Nyamira
Godoma Technical Training Institute,Kilifi
Ikutha Technical and Vocational College,Kitui
Jeremiah Nyaga Technical Training Institute,Embu
Kaelo Technical and Vocational College,Meru
Kaiboi Technical Training Institute,Nandi
Kajiado East Technical and Vocational College,Kajiado
Kajiado West Technical and Vocational College,Kajiado
Kakrao Technical and Vocational College,Migori
Kamukunji Technical and Vocational College,Nairobi
Kandara Technical and Vocational College,Murang'a
Kapcherop Technical and Vocational College,Elgeyo Marakwet
Karen Technical Training Institute for the Deaf,Nairobi
Karumo Technical Training Institute,Meru
Kasarani Technical and Vocational College,Nairobi
Katine Technical Training Institute,Machakos
Kendege Technical and Vocational College,Migori
Kericho Township Technical and Vocational College,Kericho
Kerio Valley Technical and Vocational College,Elgeyo Marakwet
Keroka Technical Training Institute,Kisii
Kibwezi West Technical and Vocational College,Makueni
Kieni Technical and Vocational College,Nyeri
Kigumo Technical Training Institute,Murang'a
Kiirua Technical Training Institute,Meru
Kimasian Technical and Vocational College,Kericho
Kiminini Technical and Vocational College,Trans Nzoia
Kinango Technical and Vocational College,Kwale
Kinangop Technical and Vocational College,Nyandarua
Kipipiri Technical and Vocational College,Nyandarua
Kipkabus Technical and Vocational College,Uasin Gishu
Kipsinende Technical and Vocational College,Kericho
Kipsoen Technical and Vocational College,Elgeyo Marakwet
Kiptaragon Technical and Vocational College,Nakuru
Kisiwa Technical Training Institute,Bungoma
Kitelakapel Technical Training Institute,West Pokot
Kitutu Masaba Technical and Vocational College,Nyamira
Kongoni Technical and Vocational College,Trans Nzoia
Konoin Technical Training Institute,Bomet
Koshin Technical Training Institute,Uasin Gishu
Laikipia East Technical and Vocational College,Laikipia
Laikipia North Technical and Vocational College,Laikipia
Laisamis Technical and Vocational College,Marsabit
Lari Technical and Vocational College,Kiambu
Likoni Technical and Vocational College,Mombasa
Limuru Technical and Vocational College,Kiambu
Lodwar Technical and Vocational College,Turkana
Lungalunga Technical and Vocational College,Kwale
Nachu Technical and Vocational College,Kiambu
Nairobi Technical Training Institute,Nairobi
Naivasaha Technical and Vocational College,Nakuru
Narok West Technical Training Institute,Narok
Navakholo Technical and Vocational College,Kakamega
Ndaragwa Technical and Vocational College,Nyandarua
Ndia Technical and Vocational College,Kirinyaga
Ngong Technical and Vocational College,Kajiado
Njoro Technical Training Institute,Nakuru
Nkabune Technical Training Institute,Meru
North Horr Technical and Vocational College,Marsabit
Nuu Technical and Vocational College,Kitui
Nyakach Technical and Vocational College,Kisumu
Okame Technical and Vocational College,Busia
Ol'lessos Technical Training Institute,Nandi
Omuga Technical and Vocational College,Homa Bay
Orogare Technical and Vocational College,Kisii
PC Kinyanjui Technical Training Institute,Nairobi
Rachuonyo Technical and Vocational College,Homa Bay
Rangwe Technical and Vocational College,Homa Bay
Riamo Technical and Vocational College,Kisii
Riatirimba Technical and Vocational College,Kisii
Riragia Technical and Vocational College,Kisii
Rift Valley Technical Training Institute,Uasin Gishu
Runyenjes Technical and Vocational College,Embu
Sabatia Technical and Vocational College,Vihiga
Shamberere Technical Training Institute,Kakamega
Samburu Technical and Vocational College,Samburu
Seme Technical and Vocational College,Kisumu
Siala Technical Training Institute,Migori
,Homa Bay
Sirisia Technical and Vocational College,Bungoma
Siruti Technical and Vocational College,Migori
Sot Technical Training Institute,Bomet
Sotik Technical Training Institute,Bomet
St. Josephs Technical Institute for the Deaf-Nyangoma,Siaya
Taveta Technical and Vocational College,Taita Taveta
Tetu Technical and Vocational College,Nyeri
Tigania East Technical and Vocational College,Meru
Tharaka Technical and Vocational College,Tharaka Nithi
Thika Technical Training Institute,Kiambu
Tindiret Technical and Vocational College,Nandi
Total Technical and Vocational College,Nakuru
Tseikuru Technical Training Institute,Kitui
Turbo Technical and Vocational College,Uasin Gishu
Turkana East Technical and Vocational College,Turkana
Ugenya Technical and Vocational College,Siaya
Ugunja Technical and Vocational College,Siaya
Ziwa Technical Training Institute,Uasin Gishu
Coast Institue of Technology (CIT),Taita Taveta
Friends College Kaimosi,Vihiga
Kiambu Institute of Science and Technology (KIST),Kiambu
Ramogi Institute of Advanced Technology (RIAT),Kisumu
Rift Valley Institute of Science and Technology,Nakuru
Sang'alo Institute of Science and Technology,Bungoma
Siaya Institute of Technology,Siaya
